Name,CMC,Mana Cost,Flavor,Power,Toughness,TypeLine,Artist,Rarity,Set,USD,EUR,Image,Text
Air Elemental,5.0,{3}{U}{U},"These spirits of the air are winsome and wild, and cannot be truly contained. Only marginally intelligent, they often substitute whimsy for strategy, delighting in mischief and mayhem.",4,4,Creature — Elemental,Richard Thomas,uncommon,leb,49.99,39.05,https://cards.scryfall.io/png/front/3/6/36a94a6d-26b1-4486-9444-ec366e6f4d6e.png?1559591881,Flying
Ancestral Recall,1.0,{U},,,,Instant,Mark Poole,rare,leb,,7453.50,https://cards.scryfall.io/png/front/4/6/46b0a5c2-ac85-448e-9e87-12fc74fd4147.png?1559591672,Target player draws three cards.
Animate Artifact,4.0,{3}{U},,,,Enchantment — Aura,Douglas Shuler,uncommon,leb,15.73,0.50,https://cards.scryfall.io/png/front/c/b/cb575b27-d2ca-4d90-a650-dc670484f607.png?1559591878,"Enchant artifact
\nAs long as enchanted artifact isn't a creature, it's an artifact creature with power and toughness each equal to its mana value."
Animate Dead,2.0,{1}{B},,,,Enchantment — Aura,Anson Maddocks,uncommon,leb,291.09,267.48,https://cards.scryfall.io/png/front/2/0/20d5059a-60a4-4135-863f-85a48bff8731.png?1559591643,"Enchant creature card in a graveyard
\nWhen Animate Dead enters the battlefield, if it's on the battlefield, it loses ""enchant creature card in a graveyard"" and gains ""enchant creature put onto the battlefield with Animate Dead."" Return enchanted creature card to the battlefield under your control and attach Animate Dead to it. When Animate Dead leaves the battlefield, that creature's controller sacrifices it.
\nEnchanted creature gets -1/-0."
Animate Wall,1.0,{W},,,,Enchantment — Aura,Dan Frazier,rare,leb,69.98,148.89,https://cards.scryfall.io/png/front/5/c/5c5b4738-20bb-465d-b67e-c6146dce9d0b.png?1559591879,"Enchant Wall
\nEnchanted Wall can attack as though it didn't have defender."
Ankh of Mishra,2.0,{2},,,,Artifact,Amy Weber,rare,leb,428.69,685.83,https://cards.scryfall.io/png/front/a/0/a0367e54-eb07-475a-b06b-f869a046a86c.png?1559591874,"Whenever a land enters the battlefield, Ankh of Mishra deals 2 damage to that land's controller."
Armageddon,4.0,{3}{W},,,,Sorcery,Jesper Myrfors,rare,leb,869.92,797.81,https://cards.scryfall.io/png/front/0/2/02c4edfa-7822-40bc-88d1-d051b3a64df1.png?1559591653,Destroy all lands.
Aspect of Wolf,2.0,{1}{G},,,,Enchantment — Aura,Jeff A. Menges,rare,leb,184.99,213.45,https://cards.scryfall.io/png/front/3/6/36f7dc8e-e02a-4ceb-8767-2875f86e6811.png?1559591875,"Enchant creature
\nEnchanted creature gets +X/+Y, where X is half the number of Forests you control, rounded down, and Y is half the number of Forests you control, rounded up."
Badlands,0.0,,,,,Land — Swamp Mountain,Rob Alexander,rare,leb,,2055.36,https://cards.scryfall.io/png/front/a/3/a3393436-3426-4903-8f41-7abcbf6c18c2.png?1559591876,({T}: Add {B} or {R}.)
Bad Moon,2.0,{1}{B},,,,Enchantment,Jesper Myrfors,rare,leb,,725.22,https://cards.scryfall.io/png/front/b/f/bf812f48-633c-46ab-b0c3-4819ab1b4e49.png?1559591929,Black creatures get +1/+1.
Balance,2.0,{1}{W},,,,Sorcery,Mark Poole,rare,leb,,1211.47,https://cards.scryfall.io/png/front/0/f/0f2c32a0-ee97-4239-94e3-aabab91dab83.png?1559591887,"Each player chooses a number of lands they control equal to the number of lands controlled by the player who controls the fewest, then sacrifices the rest. Players discard cards and sacrifice creatures the same way."
Basalt Monolith,3.0,{3},,,,Artifact,Jesper Myrfors,uncommon,leb,247.50,109.42,https://cards.scryfall.io/png/front/8/1/81d73362-43c1-4dd0-87dd-9aa7ae13ff2f.png?1559591872,"Basalt Monolith doesn't untap during your untap step.
\n{T}: Add {C}{C}{C}.
\n{3}: Untap Basalt Monolith."
Bayou,0.0,,,,,Land — Swamp Forest,Jesper Myrfors,rare,leb,,2544.34,https://cards.scryfall.io/png/front/1/7/17db2b6a-eaa8-4a08-9e86-370bbd058574.png?1559591871,({T}: Add {B} or {G}.)
Benalish Hero,1.0,{W},"Benalia has a complex caste system that changes with the lunar year. No matter what the season, the only caste that cannot be attained by either heredity or money is that of the hero.",1,1,Creature — Human Soldier,Douglas Shuler,common,leb,11.88,5.42,https://cards.scryfall.io/png/front/f/6/f62c68d0-9b1e-4abe-991d-a645effeb676.png?1559591869,"Banding (Any creatures with banding, and up to one without, can attack in a band. Bands are blocked as a group. If any creatures with banding you control are blocking or being blocked by a creature, you divide that creature's combat damage, not its controller, among any of the creatures it's being blocked by or is blocking.)"
Berserk,1.0,{G},,,,Instant,Dan Frazier,uncommon,leb,349.00,180.04,https://cards.scryfall.io/png/front/8/8/88d6f431-a7ea-4508-a52c-86d33e12e4e4.png?1559591868,"Cast this spell only before the combat damage step.
Target creature gains trample and gets +X/+0 until end of turn, where X is its power. At the beginning of the next end step, destroy that creature if it attacked this turn."
Birds of Paradise,1.0,{G},,0,1,Creature — Bird,Mark Poole,rare,leb,,1799.61,https://cards.scryfall.io/png/front/8/5/852d7a68-8682-4073-a44b-f10f5613879c.png?1559591866,"Flying
\n{T}: Add one mana of any color."
Black Knight,2.0,{B}{B},Battle doesn't need a purpose; the battle is its own purpose. You don't ask why a plague spreads or a field burns. Don't ask why I fight.,2,2,Creature — Human Knight,Jeff A. Menges,uncommon,leb,49.99,125.46,https://cards.scryfall.io/png/front/1/e/1eced352-d49c-4e91-a368-52904d77a69d.png?1559591865,"First strike (This creature deals combat damage before creatures without first strike.)
\nProtection from white (This creature can't be blocked, targeted, dealt damage, or enchanted by anything white.)"
Black Lotus,0.0,{0},,,,Artifact,Christopher Rush,rare,leb,,41589.47,https://cards.scryfall.io/png/front/b/3/b3a69a1c-c80f-4413-a6fd-ae54cabbce28.png?1559591595,"{T}, Sacrifice Black Lotus: Add three mana of any one color."
Black Vise,1.0,{1},,,,Artifact,Richard Thomas,uncommon,leb,202.97,116.25,https://cards.scryfall.io/png/front/d/2/d234f3d7-2f15-4fbf-92db-16c3433d644b.png?1559591927,"As Black Vise enters the battlefield, choose an opponent.
\nAt the beginning of the chosen player's upkeep, Black Vise deals X damage to that player, where X is the number of cards in their hand minus 4."
Black Ward,1.0,{W},,,,Enchantment — Aura,Dan Frazier,uncommon,leb,25.88,12.23,https://cards.scryfall.io/png/front/3/0/30d5d3fe-5741-40f7-8f45-dadb818d79b0.png?1559591862,"Enchant creature
\nEnchanted creature has protection from black. This effect doesn't remove Black Ward."
Blaze of Glory,1.0,{W},,,,Instant,Richard Thomas,rare,leb,,280.92,https://cards.scryfall.io/png/front/f/7/f78aef20-e3bb-484c-9fa1-d2859408b04a.png?1559591863,"Cast this spell only during combat before blockers are declared.
\nTarget creature defending player controls can block any number of creatures this turn. It blocks each attacking creature this turn if able."
Blessing,2.0,{W}{W},,,,Enchantment — Aura,Julie Baroh,rare,leb,104.99,191.73,https://cards.scryfall.io/png/front/b/c/bcd624c8-f06e-4181-865e-6a14ffc9302f.png?1559591632,"Enchant creature
\n{W}: Enchanted creature gets +1/+1 until end of turn."
Blue Elemental Blast,1.0,{U},,,,Instant,Richard Thomas,common,leb,55.76,22.24,https://cards.scryfall.io/png/front/7/f/7f07e272-6cc7-46d6-ad5c-473d1021c179.png?1559591860,"Choose one —
\n• Counter target red spell.
\n• Destroy target red permanent."
Blue Ward,1.0,{W},,,,Enchantment — Aura,Dan Frazier,uncommon,leb,12.22,10.61,https://cards.scryfall.io/png/front/a/a/aafae6f4-0880-4532-9224-44545bfa5eb4.png?1559591859,"Enchant creature
\nEnchanted creature has protection from blue. This effect doesn't remove Blue Ward."
Bog Wraith,4.0,{3}{B},'Twas in the bogs of Cannelbrae My mate did meet an early grave 'Twas nothing left for us to save In the peat-filled bogs of Cannelbrae.,3,3,Creature — Wraith,Jeff A. Menges,uncommon,leb,61.71,26.30,https://cards.scryfall.io/png/front/d/a/da26289f-e0e6-4aae-8782-ebdbabf39819.png?1559591631,Swampwalk (This creature can't be blocked as long as defending player controls a Swamp.)
Braingeyser,2.0,{X}{U}{U},,,,Sorcery,Mark Tedin,rare,leb,1199.98,886.05,https://cards.scryfall.io/png/front/a/5/a5dd8dbb-9538-4786-b20c-0ea2f446f323.png?1559591641,Target player draws X cards.
Burrowing,1.0,{R},,,,Enchantment — Aura,Mark Poole,uncommon,leb,22.88,12.56,https://cards.scryfall.io/png/front/8/7/8795bab7-ced2-4a1d-8c57-636bc4c0a977.png?1559591856,"Enchant creature
\nEnchanted creature has mountainwalk. (It can't be blocked as long as defending player controls a Mountain.)"
Camouflage,1.0,{G},,,,Instant,Jesper Myrfors,uncommon,leb,15.88,19.91,https://cards.scryfall.io/png/front/2/f/2f55ff95-32a3-43ba-82e5-a5a3bc2cc9e5.png?1559591858,"Cast this spell only during your declare attackers step.
\nThis turn, instead of declaring blockers, each defending player chooses any number of creatures they control and divides them into a number of piles equal to the number of attacking creatures for whom that player is the defending player. Creatures those players control that can block additional creatures may likewise be put into additional piles. Assign each pile to a different one of those attacking creatures at random. Each creature in a pile that can block the creature that pile is assigned to does so. (Piles can be empty.)"
Castle,4.0,{3}{W},,,,Enchantment,Dameon Willich,uncommon,leb,14.49,17.23,https://cards.scryfall.io/png/front/a/8/a8ba6b09-b24f-40cb-b219-ad8a1fd6692c.png?1559591855,Untapped creatures you control get +0/+2.
Celestial Prism,3.0,{3},,,,Artifact,Amy Weber,uncommon,leb,12.98,0.02,https://cards.scryfall.io/png/front/2/4/243c5460-8d4c-47a7-8a9c-ab626daa520a.png?1559591854,"{2}, {T}: Add one mana of any color."
Channel,2.0,{G}{G},,,,Sorcery,Richard Thomas,uncommon,leb,77.32,49.73,https://cards.scryfall.io/png/front/6/f/6fa6468a-335a-467d-aef6-e537af9d5c1c.png?1559591572,"Until end of turn, any time you could activate a mana ability, you may pay 1 life. If you do, add {C}."
Chaoslace,1.0,{R},,,,Instant,Dameon Willich,rare,leb,91.99,102.55,https://cards.scryfall.io/png/front/d/9/d980e9c0-db88-41f9-8dbf-89f0e1ac6c20.png?1559591852,Target spell or permanent becomes red. (Its mana symbols remain unchanged.)
Chaos Orb,2.0,{2},,,,Artifact,Mark Tedin,rare,leb,,2493.73,https://cards.scryfall.io/png/front/6/b/6bec436c-2869-432a-b3cf-633a58af6d4c.png?1559591606,"{1}, {T}: If Chaos Orb is on the battlefield, flip Chaos Orb onto the battlefield from a height of at least one foot. If Chaos Orb turns over completely at least once during the flip, destroy all nontoken permanents it touches. Then destroy Chaos Orb."
Circle of Protection: Black,2.0,{1}{W},,,,Enchantment,Jesper Myrfors,common,leb,18.79,20.51,https://cards.scryfall.io/png/front/f/a/fa47b4cd-8da4-4544-b011-ba92b7009203.png?1559591574,"{1}: The next time a black source of your choice would deal damage to you this turn, prevent that damage."
Circle of Protection: Blue,2.0,{1}{W},,,,Enchantment,Dameon Willich,common,leb,6.41,4.27,https://cards.scryfall.io/png/front/0/7/07a86eb1-f6a0-4a4e-bd59-e19e22ec487d.png?1559591851,"{1}: The next time a blue source of your choice would deal damage to you this turn, prevent that damage."
Circle of Protection: Green,2.0,{1}{W},,,,Enchantment,Sandra Everingham,common,leb,7.72,4.49,https://cards.scryfall.io/png/front/e/0/e041b0ea-4a57-4950-9f8e-72d6e6ab2968.png?1559591849,"{1}: The next time a green source of your choice would deal damage to you this turn, prevent that damage."
Circle of Protection: Red,2.0,{1}{W},,,,Enchantment,Mark Tedin,common,leb,14.30,9.48,https://cards.scryfall.io/png/front/5/d/5de9dc85-d566-4cb0-a2e3-1ed4e5fe2f14.png?1559591848,"{1}: The next time a red source of your choice would deal damage to you this turn, prevent that damage."
Circle of Protection: White,2.0,{1}{W},,,,Enchantment,Douglas Shuler,common,leb,9.17,3.36,https://cards.scryfall.io/png/front/6/7/671aca82-6c55-43ef-b452-d6a2e706a7ae.png?1559591847,"{1}: The next time a white source of your choice would deal damage to you this turn, prevent that damage."
Clockwork Beast,6.0,{6},,0,4,Artifact Creature — Beast,Drew Tucker,rare,leb,148.19,161.38,https://cards.scryfall.io/png/front/6/c/6c6efe95-ae57-4ff1-8f8a-0d6f3bd36d9c.png?1559591845,"Clockwork Beast enters the battlefield with seven +1/+0 counters on it.
\nAt end of combat, if Clockwork Beast attacked or blocked this combat, remove a +1/+0 counter from it.
\n{X}, {T}: Put up to X +1/+0 counters on Clockwork Beast. This ability can't cause the total number of +1/+0 counters on Clockwork Beast to be greater than seven. Activate only during your upkeep."
Clone,4.0,{3}{U},,0,0,Creature — Shapeshifter,Julie Baroh,uncommon,leb,91.53,58.86,https://cards.scryfall.io/png/front/a/f/af53b5fc-c31a-4f26-93bf-0c45c1f4e1e5.png?1559591842,You may have Clone enter the battlefield as a copy of any creature on the battlefield.
Cockatrice,5.0,{3}{G}{G},,2,4,Creature — Cockatrice,Dan Frazier,rare,leb,,281.17,https://cards.scryfall.io/png/front/f/c/fc71dd0f-dffe-4671-b9e3-ddec70626688.png?1559591841,"Flying
\nWhenever Cockatrice blocks or becomes blocked by a non-Wall creature, destroy that creature at end of combat."
Consecrate Land,1.0,{W},,,,Enchantment — Aura,Jeff A. Menges,uncommon,leb,47.49,15.62,https://cards.scryfall.io/png/front/0/7/077cf242-f866-497f-a23c-70e1b04a748e.png?1559591844,"Enchant land
\nEnchanted land has indestructible and can't be enchanted by other Auras."
Conservator,4.0,{4},,,,Artifact,Amy Weber,uncommon,leb,15.33,13.02,https://cards.scryfall.io/png/front/d/4/d4f54af3-7c85-43da-b0ce-df4a44af4736.png?1559591607,"{3}, {T}: Prevent the next 2 damage that would be dealt to you this turn."
Contract from Below,1.0,{B},,,,Sorcery,Douglas Shuler,rare,leb,,347.27,https://cards.scryfall.io/png/front/6/2/62f96e43-aebd-4de2-969a-37cd1d62f127.png?1559591925,"Remove Contract from Below from your deck before playing if you're not playing for ante.
\nDiscard your hand, ante the top card of your library, then draw seven cards."
Control Magic,4.0,{2}{U}{U},,,,Enchantment — Aura,Dameon Willich,uncommon,leb,86.99,87.46,https://cards.scryfall.io/png/front/1/3/133315bd-3c46-4eff-938e-4dba63631c1b.png?1559591839,"Enchant creature
\nYou control enchanted creature."
Conversion,4.0,{2}{W}{W},,,,Enchantment,Jesper Myrfors,uncommon,leb,19.98,19.30,https://cards.scryfall.io/png/front/4/d/4d9a5bb5-23cd-4f9a-8c8e-d009fb7bdf59.png?1559591922,"At the beginning of your upkeep, sacrifice Conversion unless you pay {W}{W}.
\nAll Mountains are Plains."
Copper Tablet,2.0,{2},,,,Artifact,Amy Weber,uncommon,leb,98.98,50.23,https://cards.scryfall.io/png/front/9/3/93842064-a0a8-4e4d-9c8a-e8a86448d225.png?1559591838,"At the beginning of each player's upkeep, Copper Tablet deals 1 damage to that player."
Copy Artifact,2.0,{1}{U},,,,Enchantment,Amy Weber,rare,leb,,1013.78,https://cards.scryfall.io/png/front/e/2/e24fe07d-1328-4165-b7a0-622b60cec481.png?1559591837,"You may have Copy Artifact enter the battlefield as a copy of any artifact on the battlefield, except it's an enchantment in addition to its other types."
Counterspell,2.0,{U}{U},,,,Instant,Mark Poole,uncommon,leb,700.00,374.08,https://cards.scryfall.io/png/front/9/e/9e11bf7c-f439-4529-b29a-d711359807ef.png?1559591924,Counter target spell.
Craw Wurm,6.0,{4}{G}{G},The most terrifying thing about the Craw Wurm is probably the horrible crashing sound it makes as it speeds through the forest. This noise is so loud it echoes through the trees and seems to come from all directions at once.,6,4,Creature — Wurm,Daniel Gelon,common,leb,15.02,8.61,https://cards.scryfall.io/png/front/1/7/17d5c1c7-a882-479a-9077-0784e83b462d.png?1559591575,
Creature Bond,2.0,{1}{U},,,,Enchantment — Aura,Anson Maddocks,common,leb,6.48,5.02,https://cards.scryfall.io/png/front/4/c/4ce48b24-a65e-42d9-a147-8f89028fada7.png?1559591835,"Enchant creature
\nWhen enchanted creature dies, Creature Bond deals damage equal to that creature's toughness to the creature's controller."
Crusade,2.0,{W}{W},,,,Enchantment,Mark Poole,rare,leb,,,https://cards.scryfall.io/png/front/2/d/2d5fbd9d-48bf-4600-8ca4-2ce2ca48128e.png?1559591666,White creatures get +1/+1.
Crystal Rod,1.0,{1},,,,Artifact,Amy Weber,uncommon,leb,47.49,12.10,https://cards.scryfall.io/png/front/e/4/e44d892f-a975-4062-8a54-5777d2600504.png?1559591833,"Whenever a player casts a blue spell, you may pay {1}. If you do, you gain 1 life."
Cursed Land,4.0,{2}{B}{B},,,,Enchantment — Aura,Jesper Myrfors,uncommon,leb,28.50,15.11,https://cards.scryfall.io/png/front/1/e/1eea8122-00c2-4d00-b87b-12eea86b16ba.png?1559591831,"Enchant land
\nAt the beginning of the upkeep of enchanted land's controller, Cursed Land deals 1 damage to that player."
Cyclopean Tomb,4.0,{4},,,,Artifact,Anson Maddocks,rare,leb,,482.22,https://cards.scryfall.io/png/front/0/0/00775f44-fbe6-41ee-9977-d13d1fb5b6fb.png?1559591832,"{2}, {T}: Put a mire counter on target non-Swamp land. That land is a Swamp for as long as it has a mire counter on it. Activate only during your upkeep.
\nWhen Cyclopean Tomb is put into a graveyard from the battlefield, at the beginning of each of your upkeeps for the rest of the game, remove all mire counters from a land that a mire counter was put onto with Cyclopean Tomb but that a mire counter has not been removed from with Cyclopean Tomb."
Darkpact,3.0,{B}{B}{B},,,,Sorcery,Quinton Hoover,rare,leb,280.00,154.90,https://cards.scryfall.io/png/front/0/9/09b12bcb-a935-48be-a5e8-abbb890e91ca.png?1559591829,"Remove Darkpact from your deck before playing if you're not playing for ante.
\nYou own target card in the ante. Exchange that card with the top card of your library."
Dark Ritual,1.0,{B},,,,Instant,Sandra Everingham,common,leb,141.80,105.95,https://cards.scryfall.io/png/front/0/6/0690f724-eb95-416b-b064-f1239e2a30e8.png?1559591651,Add {B}{B}{B}.
Deathgrip,2.0,{B}{B},,,,Enchantment,Anson Maddocks,uncommon,leb,16.73,14.02,https://cards.scryfall.io/png/front/c/9/c942a9af-e449-4f10-916c-6eb9e944de6a.png?1559591828,{B}{B}: Counter target green spell.
Deathlace,1.0,{B},,,,Instant,Sandra Everingham,rare,leb,49.04,247.69,https://cards.scryfall.io/png/front/e/1/e16fc59a-17da-462a-86ea-31f8a9ac18a1.png?1559591826,Target spell or permanent becomes black. (Mana symbols on that permanent remain unchanged.)
Death Ward,1.0,{W},,,,Instant,Mark Poole,common,leb,6.80,8.50,https://cards.scryfall.io/png/front/b/1/b119edd8-7801-475e-943a-6cbf10f2d303.png?1559591619,Regenerate target creature.
Demonic Attorney,3.0,{1}{B}{B},,,,Sorcery,Daniel Gelon,rare,leb,295.45,370.05,https://cards.scryfall.io/png/front/6/0/60f37eac-e8fa-48d3-b936-74461ea1853c.png?1559591577,"Remove Demonic Attorney from your deck before playing if you're not playing for ante.
\nEach player antes the top card of their library."
Demonic Hordes,6.0,{3}{B}{B}{B},"Created to destroy Dominia, Demons can sometimes be bent to a more focused purpose.",5,5,Creature — Demon,Jesper Myrfors,rare,leb,,226.58,https://cards.scryfall.io/png/front/d/c/dc20c19b-7216-4f23-a3bb-70d4dcd3865e.png?1559591825,"{T}: Destroy target land.
\nAt the beginning of your upkeep, unless you pay {B}{B}{B}, tap Demonic Hordes and sacrifice a land of an opponent's choice."
Demonic Tutor,2.0,{1}{B},,,,Sorcery,Douglas Shuler,uncommon,leb,772.50,512.33,https://cards.scryfall.io/png/front/a/5/a5e571ef-1645-4584-ab53-e7ea5d443dea.png?1559591824,"Search your library for a card, put that card into your hand, then shuffle."
Dingus Egg,4.0,{4},,,,Artifact,Dan Frazier,rare,leb,127.39,148.37,https://cards.scryfall.io/png/front/f/e/fe8ecaee-0de3-45ee-8428-09dc400d63d8.png?1559591640,"Whenever a land is put into a graveyard from the battlefield, Dingus Egg deals 2 damage to that land's controller."
Disenchant,2.0,{1}{W},,,,Instant,Amy Weber,common,leb,47.65,32.26,https://cards.scryfall.io/png/front/9/d/9d61d0a5-7e92-4413-9121-925e1876b64d.png?1559591821,Destroy target artifact or enchantment.
Disintegrate,1.0,{X}{R},,,,Sorcery,Anson Maddocks,common,leb,23.46,14.13,https://cards.scryfall.io/png/front/c/f/cfb3a6b9-a119-49c0-9baf-b552fdd00b28.png?1559591822,"Disintegrate deals X damage to any target. If it's a creature, it can't be regenerated this turn, and if it would die this turn, exile it instead."
Disrupting Scepter,3.0,{3},,,,Artifact,Dan Frazier,rare,leb,,307.02,https://cards.scryfall.io/png/front/a/e/ae91e07c-ad6d-41d9-bd65-184f92761334.png?1559591616,"{3}, {T}: Target player discards a card. Activate only during your turn."
Dragon Whelp,4.0,{2}{R}{R},"""O to be a dragon . . . of silkworm size or immense . . .""
\n—Marianne Moore, ""O to Be a Dragon""",2,3,Creature — Dragon,Amy Weber,uncommon,leb,119.99,41.10,https://cards.scryfall.io/png/front/2/e/2e009adf-aded-4d64-ba3e-ddc3448c967a.png?1587915289,"Flying
\n{R}: Dragon Whelp gets +1/+0 until end of turn. If this ability has been activated four or more times this turn, sacrifice Dragon Whelp at the beginning of the next end step."
Drain Life,2.0,{X}{1}{B},,,,Sorcery,Douglas Shuler,common,leb,26.45,18.27,https://cards.scryfall.io/png/front/9/f/9fbc6761-c4fc-4b4c-afb5-94ad4d21bc05.png?1559591558,"Spend only black mana on X.
\nDrain Life deals X damage to any target. You gain life equal to the damage dealt, but not more life than the player's life total before the damage was dealt, the planeswalker's loyalty before the damage was dealt, or the creature's toughness."
Drain Power,2.0,{U}{U},,,,Sorcery,Douglas Shuler,rare,leb,,192.88,https://cards.scryfall.io/png/front/9/6/9672caeb-5cf8-4b40-a371-005c911a67d9.png?1559591511,Target player activates a mana ability of each land they control. Then that player loses all unspent mana and you add the mana lost this way.
Drudge Skeletons,2.0,{1}{B},"Bones scattered around us joined to form misshapen bodies. We struck at them repeatedly—they fell, but soon formed again, with the same mocking look on their faceless skulls.",1,1,Creature — Skeleton,Sandra Everingham,common,leb,14.41,8.65,https://cards.scryfall.io/png/front/b/1/b1f3a1b9-d192-49d9-87bb-ca50e99edbd1.png?1559591585,"{B}: Regenerate Drudge Skeletons. (The next time this creature would be destroyed this turn, it isn't. Instead tap it, remove all damage from it, and remove it from combat.)"
Dwarven Demolition Team,3.0,{2}{R},"Foolishly, Najib retreated to his castle at El-Abar; the next morning he was dead. In just one night, the dwarven forces had reduced the mighty walls to mere rubble.",1,1,Creature — Dwarf,Kev Brockschmidt,uncommon,leb,15.15,21.33,https://cards.scryfall.io/png/front/e/5/e552dfb6-b8a5-419d-b098-5aedc0500684.png?1559591818,{T}: Destroy target Wall.
Dwarven Warriors,3.0,{2}{R},,1,1,Creature — Dwarf Warrior,Douglas Shuler,common,leb,11.27,6.06,https://cards.scryfall.io/png/front/c/0/c0de88cf-b9e5-4611-a16f-2787d8d9d269.png?1559591560,{T}: Target creature with power 2 or less can't be blocked this turn.
Earthbind,1.0,{R},,,,Enchantment — Aura,Quinton Hoover,common,leb,44.52,30.97,https://cards.scryfall.io/png/front/e/5/e5955a9d-8a0e-4e57-9433-ed3392b2f308.png?1559591815,"Enchant creature
\nWhen Earthbind enters the battlefield, if enchanted creature has flying, Earthbind deals 2 damage to that creature and Earthbind gains ""Enchanted creature loses flying."""
Earth Elemental,5.0,{3}{R}{R},"Earth Elementals have the eternal strength of stone and the endurance of mountains. Primordially connected to the land they inhabit, they take a long-term view of things, scorning the impetuous haste of short-lived mortal creatures.",4,5,Creature — Elemental,Dan Frazier,uncommon,leb,14.65,16.21,https://cards.scryfall.io/png/front/c/4/c427e8cc-d908-4b88-931d-a540fc8bfe74.png?1559591817,
Earthquake,1.0,{X}{R},,,,Sorcery,Dan Frazier,rare,leb,300.99,601.30,https://cards.scryfall.io/png/front/8/6/86435875-ac92-4348-b41e-19570cf62a1c.png?1559591812,Earthquake deals X damage to each creature without flying and each player.
Elvish Archers,2.0,{1}{G},"I tell you, there was so many arrows flying about you couldn't hardly see the sun. So I says to young Angus, ""Well, at least now we're fighting in the shade!""",2,1,Creature — Elf Archer,Anson Maddocks,rare,leb,198.88,340.08,https://cards.scryfall.io/png/front/c/3/c3240d5e-b3d4-4368-b09b-c309bc935152.png?1559591814,First strike
Evil Presence,1.0,{B},,,,Enchantment — Aura,Sandra Everingham,uncommon,leb,24.16,23.52,https://cards.scryfall.io/png/front/9/e/9e995f4b-efd3-4ac7-8fec-adb913294815.png?1559591809,"Enchant land
\nEnchanted land is a Swamp."
False Orders,1.0,{R},,,,Instant,Anson Maddocks,common,leb,4.83,9.09,https://cards.scryfall.io/png/front/e/4/e4ebc485-f1b7-436d-8c90-9acf2f7d92e5.png?1559591811,"Cast this spell only during the declare blockers step.
\nRemove target creature defending player controls from combat. Creatures it was blocking that had become blocked by only that creature this combat become unblocked. You may have it block an attacking creature of your choice."
Farmstead,3.0,{W}{W}{W},,,,Enchantment — Aura,Mark Poole,rare,leb,99.00,211.33,https://cards.scryfall.io/png/front/c/4/c49ecc66-dccb-4026-8c6e-0b275a635a1f.png?1559591808,"Enchant land
\nEnchanted land has ""At the beginning of your upkeep, you may pay {W}{W}. If you do, you gain 1 life."""
Fastbond,1.0,{G},,,,Enchantment,Mark Poole,rare,leb,416.50,834.42,https://cards.scryfall.io/png/front/f/4/f48ed192-c1a1-437a-80dd-647a616b46e3.png?1559591806,"You may play any number of lands on each of your turns.
\nWhenever you play a land, if it wasn't the first land you played this turn, Fastbond deals 1 damage to you."
Fear,2.0,{B}{B},,,,Enchantment — Aura,Mark Poole,common,leb,7.75,2.04,https://cards.scryfall.io/png/front/6/7/67830531-970a-4339-8673-40954376455d.png?1559591561,"Enchant creature (Target a creature as you cast this. This card enters the battlefield attached to that creature.)
\nEnchanted creature has fear. (It can't be blocked except by artifact creatures and/or black creatures.)"
Feedback,3.0,{2}{U},,,,Enchantment — Aura,Quinton Hoover,uncommon,leb,32.42,24.43,https://cards.scryfall.io/png/front/6/4/644288e8-e0b1-418f-b105-01a557a3e497.png?1559591805,"Enchant enchantment
\nAt the beginning of the upkeep of enchanted enchantment's controller, Feedback deals 1 damage to that player."
Fireball,1.0,{X}{R},,,,Sorcery,Mark Tedin,common,leb,49.99,27.43,https://cards.scryfall.io/png/front/a/2/a285ab2e-836e-45b0-894e-574f733cf3db.png?1559591803,"This spell costs {1} more to cast for each target beyond the first.
\nFireball deals X damage divided evenly, rounded down, among any number of targets."
Firebreathing,1.0,{R},"""And topples round the dreary west A looming bastion fringed with fire.""
\n—Alfred, Lord Tennyson, ""In Memoriam""",,,Enchantment — Aura,Dan Frazier,common,leb,7.14,4.38,https://cards.scryfall.io/png/front/2/3/235e4321-0216-4d6a-a57b-72ebff427b09.png?1587915300,"Enchant creature
\n{R}: Enchanted creature gets +1/+0 until end of turn."
Fire Elemental,5.0,{3}{R}{R},"Fire Elementals are ruthless infernos, annihilating and consuming their foes in a frenzied holocaust. Crackling and blazing, they sear swift, terrible paths, leaving the land charred and scorched in their wake.",5,4,Creature — Elemental,Melissa A. Benson,uncommon,leb,40.00,47.21,https://cards.scryfall.io/png/front/3/7/376cb9e5-89fb-4091-8a20-140bb6de0ef6.png?1559591512,
Flashfires,4.0,{3}{R},,,,Sorcery,Dameon Willich,uncommon,leb,24.99,23.92,https://cards.scryfall.io/png/front/5/a/5a2a91b9-c45f-4e3d-b3c4-944493bdd86a.png?1559591801,Destroy all Plains.
Flight,1.0,{U},,,,Enchantment — Aura,Anson Maddocks,common,leb,7.06,3.67,https://cards.scryfall.io/png/front/2/4/24584ffa-8ed1-4930-b6d8-ac1d02738ed0.png?1559591931,"Enchant creature
\nEnchanted creature has flying."
Fog,1.0,{G},,,,Instant,Jesper Myrfors,common,leb,20.83,11.37,https://cards.scryfall.io/png/front/f/4/f4e9597a-4489-47e9-8b15-888acb402ddd.png?1559591799,Prevent all combat damage that would be dealt this turn.
Forcefield,3.0,{3},,,,Artifact,Dan Frazier,rare,leb,,1162.23,https://cards.scryfall.io/png/front/3/4/34855fa8-959d-45a2-ad91-8b17019755be.png?1559591617,"{1}: The next time an unblocked creature of your choice would deal combat damage to you this turn, prevent all but 1 of that damage."
Force of Nature,6.0,{2}{G}{G}{G}{G},,8,8,Creature — Elemental,Douglas Shuler,rare,leb,400.20,694.26,https://cards.scryfall.io/png/front/c/2/c25a61b3-c828-491c-868d-e4eff770c1bb.png?1559591798,"Trample (This creature can deal excess combat damage to the player or planeswalker it's attacking.)
\nAt the beginning of your upkeep, Force of Nature deals 8 damage to you unless you pay {G}{G}{G}{G}."
Forest,0.0,,,,,Basic Land — Forest,Christopher Rush,common,leb,23.07,13.99,https://cards.scryfall.io/png/front/b/5/b5a922eb-49c7-45f0-92bc-671d7a8758f4.png?1559591567,({T}: Add {G}.)
Fork,2.0,{R}{R},,,,Instant,Amy Weber,rare,leb,,666.14,https://cards.scryfall.io/png/front/8/1/8144418b-e3e5-459f-8db2-f2e348fba4da.png?1559591795,"Copy target instant or sorcery spell, except that the copy is red. You may choose new targets for the copy."
Frozen Shade,3.0,{2}{B},"""There are some qualities—some incorporate things,/ That have a double life, which thus is made/ A type of twin entity which springs/ From matter and light, evinced in solid and shade."" —Edgar Allan Poe, ""Silence""",0,1,Creature — Shade,Douglas Shuler,common,leb,12.32,3.42,https://cards.scryfall.io/png/front/8/9/89b6a352-40f5-4d7c-b2b6-2617539a1c1c.png?1559591797,{B}: Frozen Shade gets +1/+1 until end of turn.
Fungusaur,4.0,{3}{G},"Rather than sheltering her young, the female Fungusaur often injures her own offspring, thereby ensuring their rapid growth.",2,2,Creature — Fungus Dinosaur,Daniel Gelon,rare,leb,,172.25,https://cards.scryfall.io/png/front/7/5/75a58f0b-c772-4254-8686-182d26889f9c.png?1559591794,"Whenever Fungusaur is dealt damage, put a +1/+1 counter on it."
Gaea's Liege,6.0,{3}{G}{G}{G},,*,*,Creature — Avatar,Dameon Willich,rare,leb,127.99,142.06,https://cards.scryfall.io/png/front/5/5/554362d7-97b3-4a55-9292-15e90435088d.png?1559591792,"As long as Gaea's Liege isn't attacking, its power and toughness are each equal to the number of Forests you control. As long as Gaea's Liege is attacking, its power and toughness are each equal to the number of Forests defending player controls.
\n{T}: Target land becomes a Forest until Gaea's Liege leaves the battlefield."
Gauntlet of Might,4.0,{4},,,,Artifact,Christopher Rush,rare,leb,,1251.25,https://cards.scryfall.io/png/front/6/3/63c0e240-07b0-45fb-90af-f4fce18c604e.png?1559591791,"Red creatures get +1/+1.
\nWhenever a Mountain is tapped for mana, its controller adds an additional {R}."
Giant Growth,1.0,{G},,,,Instant,Sandra Everingham,common,leb,21.49,17.15,https://cards.scryfall.io/png/front/7/5/755a45bd-8fe6-4e4d-8065-024a2836751b.png?1559591788,Target creature gets +3/+3 until end of turn.
Giant Spider,4.0,{3}{G},"While it possesses potent venom, the Giant Spider often chooses not to paralyze its victims. Perhaps the creature enjoys the gentle rocking motion caused by its captives' struggles to escape its web.",2,4,Creature — Spider,Sandra Everingham,common,leb,10.93,3.70,https://cards.scryfall.io/png/front/5/2/52ea35ce-8aa1-4818-8ad5-7e462452f10e.png?1559591789,Reach (This creature can block creatures with flying.)
Glasses of Urza,1.0,{1},,,,Artifact,Douglas Shuler,uncommon,leb,112.86,24.27,https://cards.scryfall.io/png/front/e/b/eb6953fd-ee48-49dc-9c9c-bfb9a9dc06d0.png?1559591604,{T}: Look at target player's hand.
Gloom,3.0,{2}{B},,,,Enchantment,Dan Frazier,uncommon,leb,40.25,51.34,https://cards.scryfall.io/png/front/6/4/640770d9-c0f8-40fd-9467-ebc099a27a4b.png?1559591513,"White spells cost {3} more to cast.
\nActivated abilities of white enchantments cost {3} more to activate."
Goblin Balloon Brigade,1.0,{R},"""From up here we can drop rocks and arrows and more rocks!"" ""Uh, yeah boss, but how do we get down?""",1,1,Creature — Goblin Warrior,Andi Rusu,uncommon,leb,64.50,40.17,https://cards.scryfall.io/png/front/3/f/3fdb52dd-4fc5-4594-b53b-ea169325be0b.png?1559591786,{R}: Goblin Balloon Brigade gains flying until end of turn.
Goblin King,3.0,{1}{R}{R},"To become king of the Goblins, one must assassinate the previous king. Thus, only the most foolish seek positions of leadership.",2,2,Creature — Goblin,Jesper Myrfors,rare,leb,,518.26,https://cards.scryfall.io/png/front/6/5/65705a8d-6bb1-4289-b8b0-8546ccc478dc.png?1559591921,Other Goblins get +1/+1 and have mountainwalk.
Granite Gargoyle,3.0,{2}{R},"""While most overworlders fortunately don't realize this, Gargoyles can be most delicious, providing you have the appropriate tools to carve them.""
\n—The Underworld Cookbook, by Asmoranomardicadaistinaculdacar",2,2,Creature — Gargoyle,Christopher Rush,rare,leb,250.00,377.41,https://cards.scryfall.io/png/front/a/f/affb57f4-273a-425c-a1b3-d0a5407f43d5.png?1587915314,"Flying
\n{R}: Granite Gargoyle gets +0/+1 until end of turn."
Gray Ogre,3.0,{2}{R},"The Ogre philosopher Gnerdel believed the purpose of life was to live as high on the food chain as possible. She refused to eat vegetarians, and preferred to live entirely on creatures that preyed on sentient beings.",2,2,Creature — Ogre,Dan Frazier,common,leb,10.23,0.02,https://cards.scryfall.io/png/front/4/1/41023495-d3cb-4cb0-b95c-f717480a76a5.png?1559591918,
Green Ward,1.0,{W},,,,Enchantment — Aura,Dan Frazier,uncommon,leb,36.05,9.13,https://cards.scryfall.io/png/front/a/4/a488ce63-1adb-4051-9521-703bad8d02f6.png?1559591785,"Enchant creature
\nEnchanted creature has protection from green. This effect doesn't remove Green Ward."
Grizzly Bears,2.0,{1}{G},"Don't try to outrun one of Dominia's Grizzlies; it'll catch you, knock you down, and eat you. Of course, you could run up a tree. In that case you'll get a nice view before it knocks the tree down and eats you.",2,2,Creature — Bear,Jeff A. Menges,common,leb,15.46,9.22,https://cards.scryfall.io/png/front/e/7/e7aa2b93-0a84-4318-bf2d-58164f0a846f.png?1559591515,
Guardian Angel,1.0,{X}{W},,,,Instant,Anson Maddocks,common,leb,11.32,7.05,https://cards.scryfall.io/png/front/9/c/9c4e8259-b369-4b59-85fa-fe9edb1887c5.png?1559591784,"Prevent the next X damage that would be dealt to any target this turn. Until end of turn, you may pay {1} any time you could cast an instant. If you do, prevent the next 1 damage that would be dealt to that permanent or player this turn."
Healing Salve,1.0,{W},,,,Instant,Dan Frazier,common,leb,7.25,5.74,https://cards.scryfall.io/png/front/9/c/9c9f2eeb-fea5-4b33-9723-8be3c1914f63.png?1559591587,"Choose one —
\n• Target player gains 3 life.
\n• Prevent the next 3 damage that would be dealt to any target this turn."
Helm of Chatzuk,1.0,{1},,,,Artifact,Mark Tedin,rare,leb,93.59,136.08,https://cards.scryfall.io/png/front/5/5/559d3329-9053-4301-b867-1b49c248fe31.png?1559591782,"{1}, {T}: Target creature gains banding until end of turn. (Any creatures with banding, and up to one without, can attack in a band. Bands are blocked as a group. If any creatures with banding a player controls are blocking or being blocked by a creature, that player divides that creature's combat damage, not its controller, among any of the creatures it's being blocked by or is blocking.)"
Hill Giant,4.0,{3}{R},"Fortunately, Hill Giants have large blind spots in which a human can easily hide. Unfortunately, these blind spots are beneath the bottoms of their feet.",3,3,Creature — Giant,Dan Frazier,common,leb,9.00,7.71,https://cards.scryfall.io/png/front/4/9/4905e98f-0c5a-4ec7-b85b-dc2c3549d5d0.png?1559591516,
Holy Armor,1.0,{W},,,,Enchantment — Aura,Melissa A. Benson,common,leb,9.14,4.29,https://cards.scryfall.io/png/front/6/a/6ab1d885-989c-4d71-8139-9e35d2f16d03.png?1559591781,"Enchant creature
\nEnchanted creature gets +0/+2.
\n{W}: Enchanted creature gets +0/+1 until end of turn."
Holy Strength,1.0,{W},,,,Enchantment — Aura,Anson Maddocks,common,leb,4.28,5.74,https://cards.scryfall.io/png/front/d/e/de989395-50bf-458a-a010-e12abe2e15a6.png?1559591779,"Enchant creature
\nEnchanted creature gets +1/+2."
Howl from Beyond,1.0,{X}{B},,,,Instant,Mark Poole,common,leb,10.01,5.79,https://cards.scryfall.io/png/front/f/6/f6018459-d09b-489a-81be-933fd7d854c1.png?1559591518,Target creature gets +X/+0 until end of turn.
Howling Mine,2.0,{2},,,,Artifact,Mark Poole,rare,leb,,734.75,https://cards.scryfall.io/png/front/3/7/37634ffe-788f-4262-88e8-5ab7c7ca74d6.png?1559591706,"At the beginning of each player's draw step, if Howling Mine is untapped, that player draws an additional card."
Hurloon Minotaur,3.0,{1}{R}{R},"The Minotaurs of the Hurloon Mountains are known for their love of battle. They are also known for their hymns to the dead, sung for friend and foe alike. These hymns can last for days, filling the mountain valleys with their low, haunting sounds.",2,3,Creature — Minotaur,Anson Maddocks,common,leb,11.73,8.38,https://cards.scryfall.io/png/front/8/e/8ef29573-99a1-42fc-8941-2466cda2465f.png?1559591614,
Hurricane,1.0,{X}{G},,,,Sorcery,Dameon Willich,uncommon,leb,37.93,36.77,https://cards.scryfall.io/png/front/b/3/b3939f72-1ec6-4b2c-b37e-b1ebb024bb8f.png?1559591593,Hurricane deals X damage to each creature with flying and each player.
Hypnotic Specter,3.0,{1}{B}{B},"""...There was no trace/ Of aught on that illumined face...""
\n—Samuel Coleridge, ""Phantom""",2,2,Creature — Specter,Douglas Shuler,uncommon,leb,499.99,308.01,https://cards.scryfall.io/png/front/e/d/edcc56a0-1dc0-4261-8f9c-5a88ce83f9e9.png?1587914897,"Flying
\nWhenever Hypnotic Specter deals damage to an opponent, that player discards a card at random."
Ice Storm,3.0,{2}{G},,,,Sorcery,Dan Frazier,uncommon,leb,176.64,125.87,https://cards.scryfall.io/png/front/7/c/7c439c5a-b4a5-411b-9e68-fb8438ccdfb0.png?1559591562,Destroy target land.
Icy Manipulator,4.0,{4},,,,Artifact,Douglas Shuler,uncommon,leb,496.34,251.42,https://cards.scryfall.io/png/front/d/2/d27608e7-6539-4813-95b6-d8847cdc6a12.png?1559591776,"{1}, {T}: Tap target artifact, creature, or land."
Illusionary Mask,2.0,{2},,,,Artifact,Amy Weber,rare,leb,,680.07,https://cards.scryfall.io/png/front/6/1/61ea96b1-4428-4951-88d4-f79338955981.png?1559591564,"{X}: You may choose a creature card in your hand whose mana cost could be paid by some amount of, or all of, the mana you spent on {X}. If you do, you may cast that card face down as a 2/2 creature spell without paying its mana cost. If the creature that spell becomes as it resolves has not been turned face up and would assign or deal damage, be dealt damage, or become tapped, instead it's turned face up and assigns or deals damage, is dealt damage, or becomes tapped. Activate only as a sorcery."
Instill Energy,1.0,{G},,,,Enchantment — Aura,Dameon Willich,uncommon,leb,51.80,34.24,https://cards.scryfall.io/png/front/5/8/58334cf9-5186-4fba-963c-fffb21f2b8de.png?1559591775,"Enchant creature
\nEnchanted creature can attack as though it had haste.
\n{0}: Untap enchanted creature. Activate only during your turn and only once each turn."
Invisibility,2.0,{U}{U},,,,Enchantment — Aura,Anson Maddocks,common,leb,13.44,5.51,https://cards.scryfall.io/png/front/d/d/dde97b8f-7c10-48d3-8ae2-9f86158973ec.png?1559591773,"Enchant creature
\nEnchanted creature can't be blocked except by Walls."
Ironclaw Orcs,2.0,{1}{R},"Generations of genetic weeding have given rise to the deviously cowardly Ironclaw clan. To say that Orcs in general are vicious, depraved, and ignoble does not do justice to the Ironclaw.",2,2,Creature — Orc,Anson Maddocks,common,leb,11.55,9.47,https://cards.scryfall.io/png/front/a/7/a7be8a25-a744-426e-8e66-7fdff2789af4.png?1559591547,Ironclaw Orcs can't block creatures with power 2 or greater.
Ironroot Treefolk,5.0,{4}{G},"The mating habits of Treefolk, particularly the stalwart Ironroot Treefolk, are truly absurd. Molasses comes to mind. It's amazing the species can survive at all given such protracted periods of mate selection, conjugation, and gestation.",3,5,Creature — Treefolk,Jesper Myrfors,common,leb,6.49,1.88,https://cards.scryfall.io/png/front/1/d/1d9479ae-2b42-4137-9e62-ef4d7fd17d0c.png?1559591679,
Iron Star,1.0,{1},,,,Artifact,Dan Frazier,uncommon,leb,23.38,21.03,https://cards.scryfall.io/png/front/b/0/b08fff47-c3c8-40a9-b3d3-296954aa4ed4.png?1559591772,"Whenever a player casts a red spell, you may pay {1}. If you do, you gain 1 life."
Island,0.0,,,,,Basic Land — Island,Mark Poole,common,leb,48.06,23.63,https://cards.scryfall.io/png/front/b/f/bff33e91-8e52-43f2-b8ae-603b456b08fc.png?1559591634,({T}: Add {U}.)
Island Sanctuary,2.0,{1}{W},,,,Enchantment,Mark Poole,rare,leb,,193.33,https://cards.scryfall.io/png/front/2/7/273fb2b6-3d11-4f0d-9fb0-0364353c2060.png?1559591665,"If you would draw a card during your draw step, instead you may skip that draw. If you do, until your next turn, you can't be attacked except by creatures with flying and/or islandwalk."
Ivory Cup,1.0,{1},,,,Artifact,Anson Maddocks,uncommon,leb,19.99,8.76,https://cards.scryfall.io/png/front/3/2/32516ab8-43be-4207-a7d5-4916933ce155.png?1559591771,"Whenever a player casts a white spell, you may pay {1}. If you do, you gain 1 life."
Jade Monolith,4.0,{4},,,,Artifact,Anson Maddocks,rare,leb,,87.14,https://cards.scryfall.io/png/front/e/e/eeea32ba-dfe4-4a9b-b403-43c2abc80b78.png?1559591768,"{1}: The next time a source of your choice would deal damage to target creature this turn, that source deals that damage to you instead."
Jade Statue,4.0,{4},"""Some of the other guys dared me to touch it, but I knew it weren't no ordinary hunk o' rock.""
\n—Norin the Wary",,,Artifact,Dan Frazier,uncommon,leb,45.83,52.39,https://cards.scryfall.io/png/front/9/8/985164ba-0c30-42b1-a8b6-3be19251359c.png?1587915337,{2}: Jade Statue becomes a 3/6 Golem artifact creature until end of combat. Activate only during combat.
Jayemdae Tome,4.0,{4},,,,Artifact,Mark Tedin,rare,leb,,1132.97,https://cards.scryfall.io/png/front/e/4/e48b1c51-c0fd-4c08-8631-80f507b04d28.png?1559591769,"{4}, {T}: Draw a card."
Juggernaut,4.0,{4},"We had taken refuge in a small cave, thinking the entrance was too narrow for it to follow. To our horror, its gigantic head smashed into the mountainside, ripping itself a new entrance.",5,3,Artifact Creature — Juggernaut,Dan Frazier,uncommon,leb,219.94,59.09,https://cards.scryfall.io/png/front/8/7/870eb49c-f62d-4986-b492-601feb68a307.png?1559591915,"Juggernaut attacks each combat if able.
\nJuggernaut can't be blocked by Walls."
Jump,1.0,{U},,,,Instant,Mark Poole,common,leb,7.17,3.24,https://cards.scryfall.io/png/front/e/5/e51e8a6e-1da8-4e6f-8433-9f0695926f04.png?1559591548,Target creature gains flying until end of turn.
Karma,4.0,{2}{W}{W},,,,Enchantment,Richard Thomas,uncommon,leb,34.03,20.60,https://cards.scryfall.io/png/front/1/b/1bea2eb6-dfae-4bdc-9ab3-b2b491c69c59.png?1559591638,"At the beginning of each player's upkeep, Karma deals damage to that player equal to the number of Swamps they control."
Keldon Warlord,4.0,{2}{R}{R},,*,*,Creature — Human Barbarian,Kev Brockschmidt,uncommon,leb,99.72,24.61,https://cards.scryfall.io/png/front/b/0/b07deb9b-5b88-4658-8ae8-041568992019.png?1559591610,Keldon Warlord's power and toughness are each equal to the number of non-Wall creatures you control.
Kormus Bell,4.0,{4},,,,Artifact,Christopher Rush,rare,leb,80.80,119.35,https://cards.scryfall.io/png/front/0/c/0cd2a4f9-8f80-4ee3-8068-73e686d6eeb9.png?1559591584,All Swamps are 1/1 black creatures that are still lands.
Kudzu,3.0,{1}{G}{G},,,,Enchantment — Aura,Mark Poole,rare,leb,85.00,215.32,https://cards.scryfall.io/png/front/c/e/ced83afa-9718-4b8a-961b-394f8595c480.png?1559591766,"Enchant land
\nWhen enchanted land becomes tapped, destroy it. That land's controller may attach Kudzu to a land of their choice."
Lance,1.0,{W},,,,Enchantment — Aura,Rob Alexander,uncommon,leb,14.38,11.49,https://cards.scryfall.io/png/front/a/7/a7aa3a93-3765-49f0-8ff2-b6843509c34a.png?1559591549,"Enchant creature
\nEnchanted creature has first strike."
Ley Druid,3.0,{2}{G},"After years of training, the Druid becomes one with nature, drawing power from the land and returning it when needed.",1,1,Creature — Human Druid,Sandra Everingham,uncommon,leb,37.47,15.98,https://cards.scryfall.io/png/front/b/5/b58867ec-0b1a-4804-bc2e-1c88d338c29e.png?1559591765,{T}: Untap target land.
Library of Leng,1.0,{1},,,,Artifact,Daniel Gelon,uncommon,leb,70.12,45.02,https://cards.scryfall.io/png/front/0/2/0254bff2-a3a7-434e-980a-2d30355793fc.png?1559591624,"You have no maximum hand size.
\nIf an effect causes you to discard a card, discard it, but you may put it on top of your library instead of into your graveyard."
Lich,4.0,{B}{B}{B}{B},,,,Enchantment,Daniel Gelon,rare,leb,,627.46,https://cards.scryfall.io/png/front/e/5/e5a9c089-0aad-4c14-9bfc-c0b39c976777.png?1559591649,"As Lich enters the battlefield, you lose life equal to your life total.
\nYou don't lose the game for having 0 or less life.
\nIf you would gain life, draw that many cards instead.
\nWhenever you're dealt damage, sacrifice that many nontoken permanents. If you can't, you lose the game.
\nWhen Lich is put into a graveyard from the battlefield, you lose the game."
Lifeforce,2.0,{G}{G},,,,Enchantment,Dameon Willich,uncommon,leb,29.49,19.09,https://cards.scryfall.io/png/front/3/7/3715abe2-5a8e-4bf4-ac02-6c755d86bb4c.png?1559591505,{G}{G}: Counter target black spell.
Lifelace,1.0,{G},,,,Instant,Amy Weber,rare,leb,89.13,152.99,https://cards.scryfall.io/png/front/9/3/9379e159-43ac-4bd2-8b33-f3de8e20cfe0.png?1559591763,Target spell or permanent becomes green. (Mana symbols on that permanent remain unchanged.)
Lifetap,2.0,{U}{U},,,,Enchantment,Anson Maddocks,uncommon,leb,24.93,13.98,https://cards.scryfall.io/png/front/7/4/74e7775b-b03b-4fc0-bcd9-3681cce5e70c.png?1559591912,"Whenever a Forest an opponent controls becomes tapped, you gain 1 life."
Lightning Bolt,1.0,{R},,,,Instant,Christopher Rush,common,leb,608.67,211.23,https://cards.scryfall.io/png/front/b/5/b5d3dcab-2260-479d-9ef6-dfb92d4f6061.png?1559591914,Lightning Bolt deals 3 damage to any target.
Living Artifact,1.0,{G},,,,Enchantment — Aura,Anson Maddocks,rare,leb,69.99,124.08,https://cards.scryfall.io/png/front/8/b/8bbf6678-f597-407d-9a95-02bbe6c4bcf3.png?1559591760,"Enchant artifact
\nWhenever you're dealt damage, put that many vitality counters on Living Artifact.
\nAt the beginning of your upkeep, you may remove a vitality counter from Living Artifact. If you do, you gain 1 life."
Living Lands,4.0,{3}{G},,,,Enchantment,Jesper Myrfors,rare,leb,139.99,160.05,https://cards.scryfall.io/png/front/f/1/f132acbd-53e5-430a-8f93-8b7469633c0e.png?1559591646,All Forests are 1/1 creatures that are still lands.
Living Wall,4.0,{4},"Some fiendish mage had created a horrifying wall of living flesh, patched together from a jumble of still-recognizable body parts. As we sought to hew our way through it, some unknown power healed the gaping wounds we cut, denying us passage.",0,6,Artifact Creature — Wall,Anson Maddocks,uncommon,leb,27.39,17.63,https://cards.scryfall.io/png/front/0/c/0c2cd1c8-8734-4534-ae92-def4d94ef5bc.png?1559591762,"Defender (This creature can't attack.)
\n{1}: Regenerate Living Wall."
Llanowar Elves,1.0,{G},"Whenever the Llanowar Elves gather the fruits of their forest, they leave one plant of each type untouched, considering that nature's portion.",1,1,Creature — Elf Druid,Anson Maddocks,common,leb,105.21,59.02,https://cards.scryfall.io/png/front/a/b/abd80204-e9ba-483f-9b75-a69712545ba9.png?1559591522,{T}: Add {G}.
Lord of Atlantis,2.0,{U}{U},"A master of tactics, the Lord of Atlantis makes his people bold in battle merely by arriving to lead them.",2,2,Creature — Merfolk,Melissa A. Benson,rare,leb,,486.94,https://cards.scryfall.io/png/front/2/7/27d7ac1f-2243-4c70-95a4-2b7343c8d92d.png?1559591759,Other Merfolk get +1/+1 and have islandwalk. (They can't be blocked as long as defending player controls an Island.)
Lord of the Pit,7.0,{4}{B}{B}{B},,7,7,Creature — Demon,Mark Tedin,rare,leb,,533.06,https://cards.scryfall.io/png/front/2/4/24626988-81df-44c9-9a8e-ecb9f82c383b.png?1559591757,"Flying, trample
\nAt the beginning of your upkeep, sacrifice a creature other than Lord of the Pit. If you can't, Lord of the Pit deals 7 damage to you."
Lure,3.0,{1}{G}{G},,,,Enchantment — Aura,Anson Maddocks,uncommon,leb,15.22,27.90,https://cards.scryfall.io/png/front/e/3/e31495ab-e6ed-40a6-b82d-aa6092b049e2.png?1559591637,"Enchant creature
\nAll creatures able to block enchanted creature do so."
Magical Hack,1.0,{U},,,,Instant,Julie Baroh,rare,leb,96.87,107.04,https://cards.scryfall.io/png/front/0/a/0aa81390-4e0b-484b-a5be-a9449cd41860.png?1559591883,"Change the text of target spell or permanent by replacing all instances of one basic land type with another. (For example, you may change ""swampwalk"" to ""plainswalk."" This effect lasts indefinitely.)"
Mahamoti Djinn,6.0,{4}{U}{U},"Of royal blood among the spirits of the air, the Mahamoti Djinn rides on the wings of the winds. As dangerous in the gambling hall as he is in battle, he is a master of trickery and misdirection.",5,6,Creature — Djinn,Dan Frazier,rare,leb,650.92,617.02,https://cards.scryfall.io/png/front/0/8/083f76c8-3e6d-4de5-b408-2f2394faed5c.png?1559591611,Flying (This creature can't be blocked except by creatures with flying or reach.)
Manabarbs,4.0,{3}{R},,,,Enchantment,Christopher Rush,rare,leb,,185.69,https://cards.scryfall.io/png/front/7/c/7c01cae0-4d61-4bf7-a145-82d9bb11d816.png?1559591506,"Whenever a player taps a land for mana, Manabarbs deals 1 damage to that player."
Mana Flare,3.0,{2}{R},,,,Enchantment,Christopher Rush,rare,leb,,475.63,https://cards.scryfall.io/png/front/b/4/b44d3087-ced3-40e8-a63b-1733b7e7f34c.png?1559591756,"Whenever a player taps a land for mana, that player adds one mana of any type that land produced."
Mana Short,3.0,{2}{U},,,,Instant,Dameon Willich,rare,leb,,205.45,https://cards.scryfall.io/png/front/4/d/4da4f9a8-024b-4707-b300-ccb11bd87cea.png?1559591754,Tap all lands target player controls and that player loses all unspent mana.
Mana Vault,1.0,{1},,,,Artifact,Mark Tedin,rare,leb,1599.99,1423.90,https://cards.scryfall.io/png/front/a/1/a11f55e8-7f86-4ca9-b737-9a920d9cf282.png?1559591911,"Mana Vault doesn't untap during your untap step.
\nAt the beginning of your upkeep, you may pay {4}. If you do, untap Mana Vault.
\nAt the beginning of your draw step, if Mana Vault is tapped, it deals 1 damage to you.
\n{T}: Add {C}{C}{C}."
Meekstone,1.0,{1},,,,Artifact,Quinton Hoover,rare,leb,379.49,292.21,https://cards.scryfall.io/png/front/7/4/74b22007-9def-4c0f-921c-555483cc3deb.png?1559591910,Creatures with power 3 or greater don't untap during their controllers' untap steps.
Merfolk of the Pearl Trident,1.0,{U},"Most human scholars believe that Merfolk are the survivors of sunken Atlantis, humans adapted to the water. Merfolk, however, believe that humans sprang forth from Merfolk who adapted themselves in order to explore their last frontier.",1,1,Creature — Merfolk,Jeff A. Menges,common,leb,9.73,7.66,https://cards.scryfall.io/png/front/c/c/cca142de-906d-4143-8f77-4acea1f1e6b1.png?1559591753,
Mesa Pegasus,2.0,{1}{W},"Before a woman marries in the village of Sursi, she must visit the land of the Mesa Pegasus. Legend has it that if the woman is pure of heart and her love is true, a Mesa Pegasus will appear, blessing her family with long life and good fortune.",1,1,Creature — Pegasus,Melissa A. Benson,common,leb,8.68,8.81,https://cards.scryfall.io/png/front/5/5/55bff46a-6725-4918-9bdf-38efaaf50236.png?1559591752,"Flying; banding (Any creatures with banding, and up to one without, can attack in a band. Bands are blocked as a group. If any creatures with banding you control are blocking or being blocked by a creature, you divide that creature's combat damage, not its controller, among any of the creatures it's being blocked by or is blocking.)"
Mind Twist,1.0,{X}{B},,,,Sorcery,Julie Baroh,rare,leb,1134.84,1140.84,https://cards.scryfall.io/png/front/0/c/0cb6cbbe-c3e9-4d14-a6b8-fb74e6a02b33.png?1559591663,Target player discards X cards at random.
Mons's Goblin Raiders,1.0,{R},"The intricate dynamics of Rundvelt Goblin affairs are often confused with anarchy. The chaos, however, is the chaos of a thundercloud, and direction will sporadically and violently appear. Pashalik Mons and his raiders are the thunderhead that leads in the storm.",1,1,Creature — Goblin,Jeff A. Menges,common,leb,7.17,6.82,https://cards.scryfall.io/png/front/2/f/2fbf039d-0ab9-4c42-a0a3-cbfa3ea1dd6e.png?1559591681,
Mountain,0.0,,,,,Basic Land — Mountain,Douglas Shuler,common,leb,16.67,8.95,https://cards.scryfall.io/png/front/7/a/7af9c715-8d72-4eae-b412-fc89138ff588.png?1576694058,({T}: Add {R}.)
Mox Emerald,0.0,{0},,,,Artifact,Dan Frazier,rare,leb,,6958.73,https://cards.scryfall.io/png/front/e/a/ea5d9476-76be-48e7-b6a0-49ced25cb092.png?1559591908,{T}: Add {G}.
Mox Jet,0.0,{0},,,,Artifact,Dan Frazier,rare,leb,,7647.86,https://cards.scryfall.io/png/front/1/3/133204e4-fef8-4851-aa50-c96ffa35b802.png?1559591884,{T}: Add {B}.
Mox Pearl,0.0,{0},,,,Artifact,Dan Frazier,rare,leb,,7623.77,https://cards.scryfall.io/png/front/4/d/4da892c5-071f-416f-9e42-c4bff102eb88.png?1559591750,{T}: Add {W}.
Mox Ruby,0.0,{0},,,,Artifact,Dan Frazier,rare,leb,,7565.92,https://cards.scryfall.io/png/front/f/d/fdac742b-16db-4e03-be8f-c600dbd522d5.png?1559591749,{T}: Add {R}.
Mox Sapphire,0.0,{0},,,,Artifact,Dan Frazier,rare,leb,,7758.85,https://cards.scryfall.io/png/front/1/e/1eb3178b-dac5-4b34-9d3e-4f5a170d1c87.png?1559591907,{T}: Add {U}.
Natural Selection,1.0,{G},,,,Instant,Mark Poole,rare,leb,,378.42,https://cards.scryfall.io/png/front/a/5/a594299e-fc3a-4d46-bd58-1a9cf7ddbdd7.png?1559591747,"Look at the top three cards of target player's library, then put them back in any order. You may have that player shuffle."
Nether Shadow,2.0,{B}{B},,1,1,Creature — Spirit,Christopher Rush,rare,leb,,224.26,https://cards.scryfall.io/png/front/3/8/38396ae3-a48f-44c7-96bf-ea41b5aaeebc.png?1559591746,"Haste
\nAt the beginning of your upkeep, if Nether Shadow is in your graveyard with three or more creature cards above it, you may put Nether Shadow onto the battlefield."
Nettling Imp,3.0,{2}{B},,1,1,Creature — Imp,Quinton Hoover,uncommon,leb,94.97,27.80,https://cards.scryfall.io/png/front/5/7/576220c3-1e6b-43f3-a47e-5e8246ee7d46.png?1559591551,"{T}: Choose target non-Wall creature the active player has controlled continuously since the beginning of the turn. That creature attacks this turn if able. Destroy it at the beginning of the next end step if it didn't attack this turn. Activate only during an opponent's turn, before attackers are declared."
Nevinyrral's Disk,4.0,{4},,,,Artifact,Mark Tedin,rare,leb,,1182.06,https://cards.scryfall.io/png/front/d/b/dbb21f21-668a-4d57-8d05-8db11fb82d99.png?1559591553,"Nevinyrral's Disk enters the battlefield tapped.
\n{1}, {T}: Destroy all artifacts, creatures, and enchantments."
Nightmare,6.0,{5}{B},"The Nightmare arises from its lair in the swamps. As the poisoned land spreads, so does the Nightmare's rage and terrifying strength.",*,*,Creature — Nightmare Horse,Melissa A. Benson,rare,leb,,484.03,https://cards.scryfall.io/png/front/f/c/fc78dced-27d2-441a-b63b-32356bc33747.png?1559591745,"Flying (This creature can't be blocked except by creatures with flying or reach.)
\nNightmare's power and toughness are each equal to the number of Swamps you control."
Northern Paladin,4.0,{2}{W}{W},"""Look to the north; there you will find aid and comfort."" —The Book of Tal",3,3,Creature — Human Knight,Douglas Shuler,rare,leb,,218.12,https://cards.scryfall.io/png/front/4/b/4ba8493c-ae69-48d1-a050-a887ae27c83f.png?1559591629,"{W}{W}, {T}: Destroy target black permanent."
Obsianus Golem,6.0,{6},"""The foot stone is connected to the ankle stone, the ankle stone is connected to the leg stone...""
\n—Song of the Artificer",4,6,Artifact Creature — Golem,Jesper Myrfors,uncommon,leb,17.17,14.76,https://cards.scryfall.io/png/front/e/9/e9ed6669-e340-46d5-906b-e24e76464e75.png?1587914953,
Orcish Artillery,3.0,{1}{R}{R},"In a rare display of ingenuity, the Orcs invented an incredibly destructive weapon. Most Orcish artillerists are those who dared criticize its effectiveness.",1,3,Creature — Orc Warrior,Anson Maddocks,uncommon,leb,39.94,13.57,https://cards.scryfall.io/png/front/4/d/4d2354ee-2ce0-4adb-b48c-0e30b952e545.png?1559591588,{T}: Orcish Artillery deals 2 damage to any target and 3 damage to you.
Orcish Oriflamme,4.0,{3}{R},,,,Enchantment,Dan Frazier,uncommon,leb,11.08,9.29,https://cards.scryfall.io/png/front/f/2/f2752cf2-9a48-49a8-98ff-2e32a9121d78.png?1559591507,Attacking creatures you control get +1/+0.
Paralyze,1.0,{B},,,,Enchantment — Aura,Anson Maddocks,common,leb,14.18,10.01,https://cards.scryfall.io/png/front/1/0/106d8401-f0e2-461e-b8ea-16d475db98da.png?1559591555,"Enchant creature
\nWhen Paralyze enters the battlefield, tap enchanted creature.
\nEnchanted creature doesn't untap during its controller's untap step.
\nAt the beginning of the upkeep of enchanted creature's controller, that player may pay {4}. If the player does, untap the creature."
Pearled Unicorn,3.0,{2}{W},"""'Do you know, I always thought Unicorns were fabulous monsters, too? I never saw one alive before!' 'Well, now that we have seen each other,' said the Unicorn, 'if you'll believe in me, I'll believe in you.'"" —Lewis Carroll",2,2,Creature — Unicorn,Cornelius Brudi,common,leb,7.98,5.01,https://cards.scryfall.io/png/front/4/7/47024d6d-dc55-4c35-b2bb-1b8bb0ee4e38.png?1559591622,
Personal Incarnation,6.0,{3}{W}{W}{W},,6,6,Creature — Avatar Incarnation,Kev Brockschmidt,rare,leb,174.99,448.21,https://cards.scryfall.io/png/front/f/7/f7bb9f31-0818-4422-8533-99a4e6845a02.png?1559591905,"{0}: The next 1 damage that would be dealt to Personal Incarnation this turn is dealt to its owner instead. Only Personal Incarnation's owner may activate this ability.\nWhen Personal Incarnation dies, its owner loses half their life, rounded up."
Pestilence,4.0,{2}{B}{B},,,,Enchantment,Jesper Myrfors,common,leb,25.92,13.64,https://cards.scryfall.io/png/front/1/3/1313b7e6-4acb-435a-bde5-1def5e5350ac.png?1559591557,"At the beginning of the end step, if no creatures are on the battlefield, sacrifice Pestilence.\n{B}: Pestilence deals 1 damage to each creature and each player."
Phantasmal Forces,4.0,{3}{U},"These beings embody the essence of true heroes long dead. Summoned from the dreamrealms, they rise to meet their enemies.",4,1,Creature — Illusion,Mark Poole,uncommon,leb,43.27,23.14,https://cards.scryfall.io/png/front/b/0/b0c6d792-0abb-474e-8c05-c4e843242ef0.png?1559591509,"Flying\nAt the beginning of your upkeep, sacrifice Phantasmal Forces unless you pay {U}."
Phantasmal Terrain,2.0,{U}{U},,,,Enchantment — Aura,Dameon Willich,common,leb,10.62,4.97,https://cards.scryfall.io/png/front/9/c/9c29369c-d909-45a7-be70-3181ddac9728.png?1559591598,"Enchant land\nAs Phantasmal Terrain enters the battlefield, choose a basic land type.\nEnchanted land is the chosen type."
Phantom Monster,4.0,{3}{U},"""While, like a ghastly rapid river, Through the pale door, A hideous throng rush out forever, And laugh—but smile no more."" —Edgar Allan Poe, ""The Haunted Palace""",3,3,Creature — Illusion,Jesper Myrfors,uncommon,leb,19.92,37.96,https://cards.scryfall.io/png/front/b/0/b0782e90-383b-4aed-8fa0-99c8cf8b2cec.png?1559591742,Flying
Pirate Ship,5.0,{4}{U},,4,3,Creature — Human Pirate,Tom Wänerstrand,rare,leb,121.99,205.08,https://cards.scryfall.io/png/front/9/2/925ce0a7-ae09-4220-9e67-314dbc231c94.png?1559591741,"Pirate Ship can't attack unless defending player controls an Island.\n{T}: Pirate Ship deals 1 damage to any target.\nWhen you control no Islands, sacrifice Pirate Ship."
Plague Rats,3.0,{2}{B},"""Should you a Rat to madness tease\nWhy ev'n a Rat may plague you...""\n—Samuel Coleridge, ""Recantation""",*,*,Creature — Rat,Anson Maddocks,common,leb,5.82,9.70,https://cards.scryfall.io/png/front/9/9/995b58e6-5c69-4fdf-9c41-61cef7a610c4.png?1587914906,Plague Rats's power and toughness are each equal to the number of creatures named Plague Rats on the battlefield.
Plains,0.0,,,,,Basic Land — Plains,Jesper Myrfors,common,leb,28.90,12.62,https://cards.scryfall.io/png/front/b/7/b7331b03-be66-419c-94bc-ed494c042ea3.png?1559591592,({T}: Add {W}.)
Plateau,0.0,,,,,Land — Mountain Plains,Drew Tucker,rare,leb,,2360.82,https://cards.scryfall.io/png/front/f/a/fad0bbc4-f760-47a2-aab6-0dbb66ee3a95.png?1559591662,({T}: Add {R} or {W}.)
Power Leak,2.0,{1}{U},,,,Enchantment — Aura,Drew Tucker,common,leb,6.35,4.62,https://cards.scryfall.io/png/front/8/6/86fdfb7b-1bcf-485a-be70-0130fc1fceef.png?1559591738,"Enchant enchantment\nAt the beginning of the upkeep of enchanted enchantment's controller, that player may pay any amount of mana. Power Leak deals 2 damage to that player. Prevent X of that damage, where X is the amount of mana that player paid this way."
Power Sink,1.0,{X}{U},,,,Instant,Richard Thomas,common,leb,19.85,8.58,https://cards.scryfall.io/png/front/9/5/954b04e3-861a-45c9-8897-9cb4a99f04c3.png?1559591739,"Counter target spell unless its controller pays {X}. If that player doesn't, they tap all lands with mana abilities they control and lose all unspent mana."
Power Surge,2.0,{R}{R},,,,Enchantment,Douglas Shuler,rare,leb,,158.91,https://cards.scryfall.io/png/front/f/5/f52eb10a-a9eb-44b7-95ae-12fb551c8fa5.png?1559591499,"At the beginning of each player's upkeep, Power Surge deals X damage to that player, where X is the number of untapped lands they controlled at the beginning of this turn."
Prodigal Sorcerer,3.0,{2}{U},Occasionally a member of the Institute of Arcane Study acquires a taste for worldly pleasures. Seldom do they have trouble finding employment.,1,1,Creature — Human Wizard,Douglas Shuler,common,leb,26.02,12.32,https://cards.scryfall.io/png/front/c/4/c420abf2-05ec-4623-8a6c-353736a4edeb.png?1621595967,{T}: Prodigal Sorcerer deals 1 damage to any target.
Psionic Blast,3.0,{2}{U},,,,Instant,Douglas Shuler,uncommon,leb,212.00,149.43,https://cards.scryfall.io/png/front/7/3/73b6b789-00c5-4d72-8fb3-6808bfbf0144.png?1559591500,Psionic Blast deals 4 damage to any target and 2 damage to you.
Psychic Venom,2.0,{1}{U},,,,Enchantment — Aura,Brian Snõddy,common,leb,13.19,5.23,https://cards.scryfall.io/png/front/e/5/e5c8a81f-bf05-4504-ac87-4fd4b41e88c1.png?1559591902,"Enchant land\nWhenever enchanted land becomes tapped, Psychic Venom deals 2 damage to that land's controller."
Purelace,1.0,{W},,,,Instant,Sandra Everingham,rare,leb,29.09,104.12,https://cards.scryfall.io/png/front/a/f/af11986e-42bd-4f54-8624-7b34b1783a40.png?1559591904,Target spell or permanent becomes white. (Mana symbols on that permanent remain unchanged.)
Raging River,2.0,{R}{R},,,,Enchantment,Sandra Everingham,rare,leb,252.20,351.18,https://cards.scryfall.io/png/front/c/1/c14746bb-aa00-4be2-9740-d87f976296d2.png?1559591532,"Whenever one or more creatures you control attack, each defending player divides all creatures without flying they control into a ""left"" pile and a ""right"" pile. Then, for each attacking creature you control, choose ""left"" or ""right."" That creature can't be blocked this combat except by creatures with flying and creatures in a pile with the chosen label."
Raise Dead,1.0,{B},,,,Sorcery,Jeff A. Menges,common,leb,14.30,7.72,https://cards.scryfall.io/png/front/0/0/0066c7a6-7775-43ba-81cd-35fbc5621bc3.png?1559591661,Return target creature card from your graveyard to your hand.
Red Elemental Blast,1.0,{R},,,,Instant,Richard Thomas,common,leb,112.75,47.83,https://cards.scryfall.io/png/front/4/f/4fafd3f9-f7de-4d6e-8824-6b60866fc50f.png?1559591735,"Choose one —\n• Counter target blue spell.\n• Destroy target blue permanent."
Red Ward,1.0,{W},,,,Enchantment — Aura,Dan Frazier,uncommon,leb,64.50,14.91,https://cards.scryfall.io/png/front/0/5/057237bb-e1e6-4bcc-8639-ca0dcdd4846c.png?1559591635,"Enchant creature\nEnchanted creature has protection from red. This effect doesn't remove Red Ward."
Regeneration,2.0,{1}{G},,,,Enchantment — Aura,Quinton Hoover,common,leb,11.73,3.65,https://cards.scryfall.io/png/front/4/2/42ad2d7f-34a5-4b17-ae11-16b322601d73.png?1559591502,"Enchant creature (Target a creature as you cast this. This card enters the battlefield attached to that creature.)\n{G}: Regenerate enchanted creature. (The next time that creature would be destroyed this turn, it isn't. Instead tap it, remove all damage from it, and remove it from combat.)"
Regrowth,2.0,{1}{G},,,,Sorcery,Dameon Willich,uncommon,leb,170.69,78.58,https://cards.scryfall.io/png/front/8/9/898cd314-9060-4f1c-a821-1d61a292a12b.png?1559591659,Return target card from your graveyard to your hand.
Resurrection,4.0,{2}{W}{W},,,,Sorcery,Dan Frazier,uncommon,leb,44.43,27.90,https://cards.scryfall.io/png/front/5/0/50e3c741-5095-48a6-bd93-b9c4db265004.png?1559591734,Return target creature card from your graveyard to the battlefield.
Reverse Damage,3.0,{1}{W}{W},,,,Instant,Dameon Willich,rare,leb,92.29,119.35,https://cards.scryfall.io/png/front/4/6/46cf22e4-cc5c-4723-a9cb-ae7ce7a55a1a.png?1559591533,"The next time a source of your choice would deal damage to you this turn, prevent that damage. You gain life equal to the damage prevented this way."
Righteousness,1.0,{W},,,,Instant,Douglas Shuler,rare,leb,44.07,98.02,https://cards.scryfall.io/png/front/b/8/b847a2d1-5912-4f88-a68f-06790d0795dc.png?1559591901,Target blocking creature gets +7/+7 until end of turn.
Rock Hydra,2.0,{X}{R}{R},,0,0,Creature — Hydra,Jeff A. Menges,rare,leb,260.00,459.23,https://cards.scryfall.io/png/front/c/1/c17a982d-466d-4fec-b85a-a44161e5dad5.png?1559591536,"Rock Hydra enters the battlefield with X +1/+1 counters on it.\nFor each 1 damage that would be dealt to Rock Hydra, if it has a +1/+1 counter on it, remove a +1/+1 counter from it and prevent that 1 damage.\n{R}: Prevent the next 1 damage that would be dealt to Rock Hydra this turn.\n{R}{R}{R}: Put a +1/+1 counter on Rock Hydra. Activate only during your upkeep."
Roc of Kher Ridges,4.0,{3}{R},"We encountered a valley topped with immense boulders and eerie rock formations. Suddenly one of these boulders toppled from its perch and sprouted gargantuan wings, casting a shadow of darkness and sending us fleeing in terror.",3,3,Creature — Bird,Andi Rusu,rare,leb,,220.98,https://cards.scryfall.io/png/front/f/1/f1b9e3ae-c7e9-455f-abfe-220262719beb.png?1559591534,Flying
Rod of Ruin,4.0,{4},,,,Artifact,Christopher Rush,uncommon,leb,32.32,19.82,https://cards.scryfall.io/png/front/4/5/45810c0a-0a35-4bd4-ba66-5a45f8973fa4.png?1559591671,"{3}, {T}: Rod of Ruin deals 1 damage to any target."
Royal Assassin,3.0,{1}{B}{B},"Trained in the arts of stealth, the royal assassins choose their victims carefully, relying on timing and precision rather than brute force.",1,1,Creature — Human Assassin,Tom Wänerstrand,rare,leb,499.32,706.09,https://cards.scryfall.io/png/front/b/6/b6e33c5e-6d99-4e7e-b611-4b271a47b4d2.png?1559591732,{T}: Destroy target tapped creature.
Sacrifice,1.0,{B},,,,Instant,Dan Frazier,uncommon,leb,91.46,53.14,https://cards.scryfall.io/png/front/8/a/8abe7d62-6a99-4d1f-9b81-cff0485997a8.png?1559591731,"As an additional cost to cast this spell, sacrifice a creature.\nAdd an amount of {B} equal to the sacrificed creature's mana value."
Samite Healer,2.0,{1}{W},Healers ultimately acquire the divine gifts of spiritual and physical wholeness. The most devout are also granted the ability to pass physical wholeness on to others.,1,1,Creature — Human Cleric,Tom Wänerstrand,common,leb,9.27,4.08,https://cards.scryfall.io/png/front/3/f/3fbfb106-29d8-4065-b306-51dba0ed11a4.png?1559591930,{T}: Prevent the next 1 damage that would be dealt to any target this turn.
Savannah,0.0,,,,,Land — Forest Plains,Rob Alexander,rare,leb,,1944.53,https://cards.scryfall.io/png/front/0/e/0e9aeaa8-9a75-4719-992f-cbb316f72175.png?1559591729,({T}: Add {G} or {W}.)
Savannah Lions,1.0,{W},"The traditional kings of the jungle command a healthy respect in other climates as well. Relying mainly on their stealth and speed, Savannah Lions can take a victim by surprise, even in the endless flat plains of their homeland.",2,1,Creature — Cat,Daniel Gelon,rare,leb,,1050.76,https://cards.scryfall.io/png/front/6/7/67d1945d-d228-4dc3-a593-859408b2016b.png?1559591503,
Scathe Zombies,3.0,{2}{B},"""They groaned, they stirred, they all uprose,/ Nor spake, nor moved their eyes;/ It had been strange, even in a dream,/ To have seen those dead men rise.""/\n—Samuel Coleridge, ""The Rime of the Ancient Mariner""",2,2,Creature — Zombie,Jesper Myrfors,common,leb,6.99,4.29,https://cards.scryfall.io/png/front/a/3/a30abb09-2f80-46cf-a839-b4dac5c23dce.png?1587914914,
Scavenging Ghoul,4.0,{3}{B},,2,2,Creature — Zombie,Jeff A. Menges,uncommon,leb,11.64,9.93,https://cards.scryfall.io/png/front/e/2/e2bfa6bb-cf7b-4a79-83f5-178a633c499e.png?1559591537,"At the beginning of each end step, put a corpse counter on Scavenging Ghoul for each creature that died this turn.\nRemove a corpse counter from Scavenging Ghoul: Regenerate Scavenging Ghoul."
Scrubland,0.0,,,,,Land — Plains Swamp,Jesper Myrfors,rare,leb,,2933.32,https://cards.scryfall.io/png/front/8/c/8cf99186-3167-4092-8efb-e7448609ceba.png?1559591726,({T}: Add {W} or {B}.)
Scryb Sprites,1.0,{G},The only sound was the gentle clicking of the Faeries' wings. Then those intruders who were still standing turned and fled. One thing was certain: they didn't think the Scryb were very funny anymore.,1,1,Creature — Faerie,Amy Weber,common,leb,12.44,14.50,https://cards.scryfall.io/png/front/f/a/fafe9639-e9d0-4aa2-8a16-f4ec24c140c0.png?1559591725,Flying
Sea Serpent,6.0,{5}{U},"Legend has it that Serpents used to be bigger, but how could that be?",5,5,Creature — Serpent,Jeff A. Menges,common,leb,10.62,5.32,https://cards.scryfall.io/png/front/1/1/11b21f91-51fd-407d-bab2-63c11f23b680.png?1559591675,"Sea Serpent can't attack unless defending player controls an Island.\nWhen you control no Islands, sacrifice Sea Serpent."
Sedge Troll,3.0,{2}{R},"The stench in the hovel was overpowering; something loathsome was cooking. Occasionally something surfaced in the thick paste, but my host would casually push it down before I could make out what it was.",2,2,Creature — Troll,Dan Frazier,rare,leb,102.90,602.57,https://cards.scryfall.io/png/front/0/2/02ec317b-52a6-4490-80e5-a56826b06771.png?1559591723,"Sedge Troll gets +1/+1 as long as you control a Swamp.\n{B}: Regenerate Sedge Troll."
Sengir Vampire,5.0,{3}{B}{B},,4,4,Creature — Vampire,Anson Maddocks,uncommon,leb,259.99,124.50,https://cards.scryfall.io/png/front/5/f/5fbd5fbb-f689-4ff0-8f23-17e4cb0925a2.png?1559591722,"Flying (This creature can't be blocked except by creatures with flying or reach.)\nWhenever a creature dealt damage by Sengir Vampire this turn dies, put a +1/+1 counter on Sengir Vampire."
Serra Angel,5.0,{3}{W}{W},"Born with wings of light and a sword of faith, this heavenly incarnation embodies both fury and purity.",4,4,Creature — Angel,Douglas Shuler,uncommon,leb,549.00,304.45,https://cards.scryfall.io/png/front/5/6/5669f9c8-2e94-47e2-a551-7efff317fb34.png?1559591719,"Flying, vigilance"
Shanodin Dryads,1.0,{G},"Moving without sound, swift figures pass through branches and undergrowth completely unhindered. One with the trees around them, the Dryads of Shanodin Forest are seen only when they wish to be.",1,1,Creature — Nymph Dryad,Anson Maddocks,common,leb,9.83,6.09,https://cards.scryfall.io/png/front/1/a/1ac8bdb0-2dfd-4531-a4d9-420f2f2a90be.png?1559591720,Forestwalk (This creature can't be blocked as long as defending player controls a Forest.)
Shatter,2.0,{1}{R},,,,Instant,Amy Weber,common,leb,20.00,13.71,https://cards.scryfall.io/png/front/7/6/76ddf3f4-1305-4599-bf4c-f9e148bdda4d.png?1559591899,Destroy target artifact.
Shivan Dragon,6.0,{4}{R}{R},"While it's true most Dragons are cruel, the Shivan Dragon seems to take particular glee in the misery of others, often tormenting its victims much like a cat plays with a mouse before delivering the final blow.",5,5,Creature — Dragon,Melissa A. Benson,rare,leb,2000.20,1775.55,https://cards.scryfall.io/png/front/5/e/5e64822a-6817-4e1e-8155-3e95f8e3763f.png?1559591621,"Flying (This creature can't be blocked except by creatures with flying or reach.)\n{R}: Shivan Dragon gets +1/+0 until end of turn."
Simulacrum,2.0,{1}{B},,,,Instant,Mark Poole,uncommon,leb,49.88,19.37,https://cards.scryfall.io/png/front/5/b/5bcda143-55f8-4d02-918f-975d9090d03f.png?1559591718,You gain life equal to the damage dealt to you this turn. Simulacrum deals damage to target creature you control equal to the damage dealt to you this turn.
Sinkhole,2.0,{B}{B},,,,Sorcery,Sandra Everingham,common,leb,84.98,52.30,https://cards.scryfall.io/png/front/5/2/52ea4387-f23c-430c-99d6-0248a4ab1713.png?1621596916,Destroy target land.
Siren's Call,1.0,{U},,,,Instant,Anson Maddocks,uncommon,leb,29.99,17.03,https://cards.scryfall.io/png/front/0/0/00ce03f3-ddc0-4cf3-8f07-551c960e8639.png?1559591540,"Cast this spell only during an opponent's turn, before attackers are declared.\nCreatures the active player controls attack this turn if able.\nAt the beginning of the next end step, destroy all non-Wall creatures that player controls that didn't attack this turn. Ignore this effect for each creature the player didn't control continuously since the beginning of the turn."
Sleight of Mind,1.0,{U},,,,Instant,Mark Poole,rare,leb,,249.51,https://cards.scryfall.io/png/front/f/b/fb4da609-6c08-4a18-b7d9-fb2f9b11bab2.png?1559591541,"Change the text of target spell or permanent by replacing all instances of one color word with another. (For example, you may change ""target black spell"" to ""target blue spell."" This effect lasts indefinitely.)"
Smoke,2.0,{R}{R},,,,Enchantment,Jesper Myrfors,rare,leb,105.99,207.68,https://cards.scryfall.io/png/front/7/e/7eb0cb82-d930-43c3-a6d6-f947018d45d6.png?1559591543,Players can't untap more than one creature during their untap steps.
Sol Ring,1.0,{1},,,,Artifact,Mark Tedin,uncommon,leb,879.99,629.76,https://cards.scryfall.io/png/front/c/0/c0fb91ec-20a8-4c13-9469-18885b1ecca3.png?1559591658,{T}: Add {C}{C}.
Soul Net,1.0,{1},,,,Artifact,Dameon Willich,uncommon,leb,24.99,21.24,https://cards.scryfall.io/png/front/0/8/08ba41ec-4fff-4192-80ff-2afcd706ea59.png?1559591897,"Whenever a creature dies, you may pay {1}. If you do, you gain 1 life."
Spell Blast,1.0,{X}{U},,,,Instant,Brian Snõddy,common,leb,11.47,4.85,https://cards.scryfall.io/png/front/3/f/3f599b73-1d55-4acc-8931-f5ab39d1d4e9.png?1559591579,"Counter target spell with mana value X. (For example, if that spell's mana cost is {3}{U}{U}, X is 5.)"
Stasis,2.0,{1}{U},,,,Enchantment,Fay Jones,rare,leb,,603.80,https://cards.scryfall.io/png/front/7/3/73c76f5d-d866-4eb7-b2d2-fc6ecf982f8e.png?1559591716,"Players skip their untap steps.\nAt the beginning of your upkeep, sacrifice Stasis unless you pay {U}."
Steal Artifact,4.0,{2}{U}{U},,,,Enchantment — Aura,Amy Weber,uncommon,leb,36.43,28.86,https://cards.scryfall.io/png/front/9/2/92c14d4d-abaa-411a-aaa1-0b79fccee8c1.png?1559591715,"Enchant artifact\nYou control enchanted artifact."
Stone Giant,4.0,{2}{R}{R},"What goes up, must come down.",3,4,Creature — Giant,Dameon Willich,uncommon,leb,57.48,12.26,https://cards.scryfall.io/png/front/a/2/a2b5f545-a87d-4292-880f-5cd2f6755748.png?1559591545,{T}: Target creature you control with toughness less than Stone Giant's power gains flying until end of turn. Destroy that creature at the beginning of the next end step.
Stone Rain,3.0,{2}{R},,,,Sorcery,Daniel Gelon,common,leb,29.94,14.49,https://cards.scryfall.io/png/front/9/0/901831ad-1840-4287-b6a0-bea310598dc2.png?1559591713,Destroy target land.
Stream of Life,1.0,{X}{G},,,,Sorcery,Mark Poole,common,leb,12.86,13.49,https://cards.scryfall.io/png/front/d/a/da18a2c9-850e-400d-b0b3-edd8a946e380.png?1559591656,Target player gains X life.
Sunglasses of Urza,3.0,{3},,,,Artifact,Dan Frazier,rare,leb,120.00,130.16,https://cards.scryfall.io/png/front/4/9/49fcf47d-0f1d-469e-a8c4-d5c97be7a1ef.png?1559591654,You may spend white mana as though it were red mana.
Swamp,0.0,,,,,Basic Land — Swamp,Dan Frazier,common,leb,28.05,13.34,https://cards.scryfall.io/png/front/d/1/d1309a80-a761-4b80-8cf1-1a8b83190511.png?1559591578,({T}: Add {B}.)
Swords to Plowshares,1.0,{W},,,,Instant,Jeff A. Menges,uncommon,leb,643.74,517.76,https://cards.scryfall.io/png/front/2/5/255099be-c64e-4f6a-8463-4fc058d6908d.png?1559591712,Exile target creature. Its controller gains life equal to its power.
Taiga,0.0,,,,,Land — Mountain Forest,Rob Alexander,rare,leb,,3425.66,https://cards.scryfall.io/png/front/3/0/30ce1bf0-7561-418f-a217-3ce10f28be82.png?1559591711,({T}: Add {R} or {G}.)
Terror,2.0,{1}{B},,,,Instant,Ron Spencer,common,leb,31.23,23.48,https://cards.scryfall.io/png/front/5/8/58d8598b-35e5-414f-aee0-52137236f642.png?1559591709,"Destroy target nonartifact, nonblack creature. It can't be regenerated."
The Hive,5.0,{5},,,,Artifact,Sandra Everingham,rare,leb,,283.53,https://cards.scryfall.io/png/front/8/4/84b83106-a10d-469a-99eb-56110ef34ba1.png?1559591628,"{5}, {T}: Create a 1/1 colorless Insect artifact creature token with flying named Wasp. (It can't be blocked except by creatures with flying or reach.)"
Thicket Basilisk,5.0,{3}{G}{G},"Moss-covered statues littered the area, a macabre monument to the Basilisk's power.",2,4,Creature — Basilisk,Dan Frazier,uncommon,leb,22.46,27.35,https://cards.scryfall.io/png/front/6/3/6321e16b-0b4b-4d36-ab94-97bf5816acf4.png?1559591894,"Whenever Thicket Basilisk blocks or becomes blocked by a non-Wall creature, destroy that creature at end of combat."
Thoughtlace,1.0,{U},,,,Instant,Mark Poole,rare,leb,100.05,132.86,https://cards.scryfall.io/png/front/f/c/fc2b2b9e-5abf-4c41-a85c-ef95e6ab84d6.png?1559591708,Target spell or permanent becomes blue. (Mana symbols on that permanent remain unchanged.)
Throne of Bone,1.0,{1},,,,Artifact,Anson Maddocks,uncommon,leb,43.17,12.95,https://cards.scryfall.io/png/front/6/5/655b6265-3030-4c68-af5b-b9e636b1a778.png?1559591895,"Whenever a player casts a black spell, you may pay {1}. If you do, you gain 1 life."
Timber Wolves,1.0,{G},"Though many think of Wolves as solitary predators, they are actually extremely social animals. During a hunt they often call to each other, which can be quite unsettling for their prey.",1,1,Creature — Wolf,Melissa A. Benson,rare,leb,,346.96,https://cards.scryfall.io/png/front/a/a/aa598db8-c0c7-4a9a-bd89-6d3da0d3dfba.png?1559591613,"Banding (Any creatures with banding, and up to one without, can attack in a band. Bands are blocked as a group. If any creatures with banding you control are blocking or being blocked by a creature, you divide that creature's combat damage, not its controller, among any of the creatures it's being blocked by or is blocking.)"
Timetwister,3.0,{2}{U},,,,Sorcery,Mark Tedin,rare,leb,,8393.71,https://cards.scryfall.io/png/front/0/9/09f1958a-50cc-43cc-80e1-988800e44ca8.png?1559591703,"Each player shuffles their hand and graveyard into their library, then draws seven cards. (Then put Timetwister into its owner's graveyard.)"
Time Vault,2.0,{2},,,,Artifact,Mark Tedin,rare,leb,,2378.31,https://cards.scryfall.io/png/front/1/1/1164f22f-2706-4f35-9f58-d0eb8c344396.png?1559591705,"Time Vault enters the battlefield tapped.\nTime Vault doesn't untap during your untap step.\nIf you would begin your turn while Time Vault is tapped, you may skip that turn instead. If you do, untap Time Vault.\n{T}: Take an extra turn after this one."
Time Walk,2.0,{1}{U},,,,Sorcery,Amy Weber,rare,leb,,7417.35,https://cards.scryfall.io/png/front/5/4/54992fda-45a9-4ed1-b380-34d167feec90.png?1559591520,Take an extra turn after this one.
Tranquility,3.0,{2}{G},,,,Sorcery,Douglas Shuler,common,leb,7.19,9.29,https://cards.scryfall.io/png/front/e/e/ee21b620-4dfa-4e06-872e-8d8ffce12f76.png?1559591701,Destroy all enchantments.
Tropical Island,0.0,,,,,Land — Forest Island,Jesper Myrfors,rare,leb,,3741.98,https://cards.scryfall.io/png/front/a/c/ac19c5a1-ca13-4443-920b-83b567167ed4.png?1559591608,({T}: Add {G} or {U}.)
Tsunami,4.0,{3}{G},,,,Sorcery,Richard Thomas,uncommon,leb,21.64,25.91,https://cards.scryfall.io/png/front/1/f/1f4b6f5a-1ba2-409d-9b9b-91e2c1470f62.png?1559591527,Destroy all Islands.
Tundra,0.0,,,,,Land — Plains Island,Jesper Myrfors,rare,leb,,3248.41,https://cards.scryfall.io/png/front/1/b/1b93ce48-219c-49ea-9ad0-b7357bea4606.png?1559591676,({T}: Add {W} or {U}.)
Tunnel,1.0,{R},,,,Instant,Dan Frazier,uncommon,leb,14.98,11.37,https://cards.scryfall.io/png/front/c/c/cc738025-a771-4186-b08c-7b37c0e9713b.png?1559591582,Destroy target Wall. It can't be regenerated.
Twiddle,1.0,{U},,,,Instant,Rob Alexander,common,leb,23.91,8.83,https://cards.scryfall.io/png/front/3/4/34bd24da-f156-494e-86cb-80707863e40b.png?1559591529,"You may tap or untap target artifact, creature, or land."
Two-Headed Giant of Foriys,5.0,{4}{R},"None know if this Giant is the result of aberrant magics, Siamese twins, or a mentalist's schizophrenia.",4,4,Creature — Giant,Anson Maddocks,rare,leb,,136.61,https://cards.scryfall.io/png/front/3/0/30fcbb16-f8e7-4f6e-a806-541ef54aa025.png?1559591491,"Trample\nTwo-Headed Giant of Foriys can block an additional creature each combat."
Underground Sea,0.0,,,,,Land — Island Swamp,Rob Alexander,rare,leb,,5444.29,https://cards.scryfall.io/png/front/5/e/5e91ce41-053e-4203-8860-49cbf854cc18.png?1559591493,({T}: Add {U} or {B}.)
Unholy Strength,1.0,{B},,,,Enchantment — Aura,Douglas Shuler,common,leb,17.45,0.02,https://cards.scryfall.io/png/front/1/c/1c1c781d-1f27-40e3-9d79-0ebb6677e835.png?1559591678,"Enchant creature\nEnchanted creature gets +2/+1."
Unsummon,1.0,{U},,,,Instant,Douglas Shuler,common,leb,17.63,9.07,https://cards.scryfall.io/png/front/6/8/686843c8-8c8a-4af6-bca8-e7f7583cc886.png?1559591601,Return target creature to its owner's hand.
Uthden Troll,3.0,{2}{R},"""Oi oi oi, me gotta hurt in 'ere,\nOi oi oi, me smell a ting is near,\nGonna bosh 'n gonna nosh 'n da\nhurt'll disappear.""\n—Traditional",2,2,Creature — Troll,Douglas Shuler,uncommon,leb,36.00,22.78,https://cards.scryfall.io/png/front/9/1/91f46e9a-6075-4fa5-8f60-f81e2024b13d.png?1688131815,{R}: Regenerate Uthden Troll.
Verduran Enchantress,3.0,{1}{G}{G},"Some say magic was first practiced by women, who have always felt strong ties to the land.",0,2,Creature — Human Druid,Kev Brockschmidt,rare,leb,,401.62,https://cards.scryfall.io/png/front/d/a/da3f051c-6be3-4f92-8f66-9f72d75dbcf5.png?1559591697,"Whenever you cast an enchantment spell, you may draw a card."
Vesuvan Doppelganger,5.0,{3}{U}{U},,0,0,Creature — Shapeshifter,Quinton Hoover,rare,leb,1539.85,1015.16,https://cards.scryfall.io/png/front/d/1/d18e952b-ab4d-4f90-bf5e-4db490e4e203.png?1559591699,"You may have Vesuvan Doppelganger enter the battlefield as a copy of any creature on the battlefield, except it doesn't copy that creature's color and it has ""At the beginning of your upkeep, you may have this creature become a copy of target creature, except it doesn't copy that creature's color and it has this ability."""
Veteran Bodyguard,5.0,{3}{W}{W},"Good bodyguards are hard to find, mainly because they don't live long.",2,5,Creature — Human,Douglas Shuler,rare,leb,,280.41,https://cards.scryfall.io/png/front/d/8/d8d888b7-26e2-465d-b5ee-bb2f2af5c621.png?1559591695,"As long as Veteran Bodyguard is untapped, all damage that would be dealt to you by unblocked creatures is dealt to Veteran Bodyguard instead."
Volcanic Eruption,3.0,{X}{U}{U}{U},,,,Sorcery,Douglas Shuler,rare,leb,110.59,232.58,https://cards.scryfall.io/png/front/c/a/ca669988-e009-4b3e-af20-ee5885554d34.png?1559591565,Destroy X target Mountains. Volcanic Eruption deals damage to each creature and each player equal to the number of Mountains put into a graveyard this way.
Volcanic Island,0.0,,,,,Land — Island Mountain,Brian Snõddy,rare,leb,,8700.97,https://cards.scryfall.io/png/front/0/3/0324641d-af55-4c53-b4dc-c8262e967da5.png?1559591893,({T}: Add {U} or {R}.)
Wall of Air,3.0,{1}{U}{U},"""This 'standing windstorm' can hold us off indefinitely? Ridiculous!"" Saying nothing, she put a pinch of salt on the table. With a bang she clapped her hands, and the salt disappeared, blown away.",1,5,Creature — Wall,Richard Thomas,uncommon,leb,38.48,20.31,https://cards.scryfall.io/png/front/7/1/71904b59-55dd-4074-9d50-c5bb0fb7266f.png?1559591694,"Defender, flying (This creature can't attack, and it can block creatures with flying.)"
Wall of Bone,3.0,{2}{B},"The Wall of Bone is said to be an aspect of the Great Wall in Hel, where the bones of all sinners wait for Ragnarok, when Hela will call them forth for the final battle.",1,4,Creature — Skeleton Wall,Anson Maddocks,uncommon,leb,9.99,27.50,https://cards.scryfall.io/png/front/7/9/7930666c-12ac-420b-8ced-0e924925b075.png?1559591568,"Defender (This creature can't attack.)\n{B}: Regenerate Wall of Bone. (The next time this creature would be destroyed this turn, it isn't. Instead tap it, remove all damage from it, and remove it from combat.)"
Wall of Brambles,3.0,{2}{G},"""What else, when chaos draws all forces inward to shape a single leaf."" —Conrad Aiken",2,3,Creature — Plant Wall,Anson Maddocks,uncommon,leb,48.22,9.51,https://cards.scryfall.io/png/front/c/2/c2fca52b-80b3-4b6b-9a49-110c66557894.png?1559591599,"Defender (This creature can't attack.)\n{G}: Regenerate Wall of Brambles."
Wall of Fire,3.0,{1}{R}{R},"Conjured from the bowels of hell, the fiery wall forms an impassable barrier, searing the soul of any creature attempting to pass through its terrible bursts of flame.",0,5,Creature — Wall,Richard Thomas,uncommon,leb,30.30,12.08,https://cards.scryfall.io/png/front/8/8/88baaea5-69ec-4756-86c2-9c9d73ca8ef1.png?1559591692,"Defender (This creature can't attack.\n{R}: Wall of Fire gets +1/+0 until end of turn."
Wall of Ice,3.0,{2}{G},"""And through the drifts the snowy cliffs/ Did send a dismal sheen:/ Nor shapes of men nor beasts we ken—/ The ice was all between.""/\n—Samuel Coleridge, ""The Rime of the Ancient Mariner""",0,7,Creature — Wall,Richard Thomas,uncommon,leb,31.09,15.93,https://cards.scryfall.io/png/front/c/c/cc05a648-7719-4ed3-aa3b-648463ee2869.png?1587915326,Defender (This creature can't attack.)
Wall of Stone,3.0,{1}{R}{R},"The Earth herself lends her strength to these walls of living stone, which possess the stability of ancient mountains. These mighty bulwarks thwart ground-based troops, providing welcome relief for weary warriors who defend the land.",0,8,Creature — Wall,Dan Frazier,uncommon,leb,42.99,22.56,https://cards.scryfall.io/png/front/3/2/329ba196-a107-41ac-b02a-5f8b10ecd130.png?1559591690,Defender (This creature can't attack.)
Wall of Swords,4.0,{3}{W},"Just as the evil ones approached to slay Justina, she cast a great spell, imbuing her weapons with her own life force. Thus she fulfilled the prophecy: ""In the death of your savior will you find salvation.""",3,5,Creature — Wall,Mark Tedin,uncommon,leb,55.00,28.30,https://cards.scryfall.io/png/front/b/e/be955e9a-e722-4cd7-8e3d-bab1889c255b.png?1559591581,"Defender (This creature can't attack.)\nFlying"
Wall of Water,3.0,{1}{U}{U},"A deafening roar arose as the fury of an enormous vertical river supplanted our serenity. Eddies turned into whirling geysers, leveling everything in their path.",0,5,Creature — Wall,Richard Thomas,uncommon,leb,33.70,9.46,https://cards.scryfall.io/png/front/3/4/34887689-0adb-4ead-87a5-1d8fd77b6278.png?1559591700,"Defender (This creature can't attack.)\n{U}: Wall of Water gets +1/+0 until end of turn."
Wall of Wood,1.0,{G},"Everybody knows that to ward off trouble, you knock on wood. But usually it's better to make a wall out of the wood and let trouble do the knocking.",0,3,Creature — Wall,Mark Tedin,common,leb,7.89,3.20,https://cards.scryfall.io/png/front/1/a/1a5054a4-599d-49df-9a80-77eeed47891f.png?1559591570,Defender (This creature can't attack.)
Wanderlust,3.0,{2}{G},,,,Enchantment — Aura,Cornelius Brudi,uncommon,leb,23.80,15.49,https://cards.scryfall.io/png/front/3/9/393f08a2-7aa8-443f-aab5-4287240e9167.png?1559591686,"Enchant creature\nAt the beginning of the upkeep of enchanted creature's controller, Wanderlust deals 1 damage to that player."
War Mammoth,4.0,{3}{G},I didn't think Mammoths could ever hold a candle to a well-trained battle horse. Then one day I turned my back on a drunken soldier. His blow never landed; Mi'cha flung the brute over ten meters.,3,3,Creature — Elephant,Jeff A. Menges,common,leb,17.47,6.11,https://cards.scryfall.io/png/front/9/f/9f67175d-ac5c-4947-b243-d5206b552bdc.png?1559591688,Trample
Warp Artifact,2.0,{B}{B},,,,Enchantment — Aura,Amy Weber,rare,leb,93.99,143.01,https://cards.scryfall.io/png/front/4/a/4a289787-2d30-4e0b-ac97-3767818d0387.png?1559591685,"Enchant artifact\nAt the beginning of the upkeep of enchanted artifact's controller, Warp Artifact deals 1 damage to that player."
Water Elemental,5.0,{3}{U}{U},"Unpredictable as the sea itself, Water Elementals shift without warning from tranquility to tempest. Capricious and fickle, they flow restlessly from one shape to another, expressing their moods with their physical forms.",5,4,Creature — Elemental,Jeff A. Menges,uncommon,leb,14.66,17.65,https://cards.scryfall.io/png/front/6/6/66f729e2-565b-4cdb-8b6f-0a14babe5680.png?1559591571,
Weakness,1.0,{B},,,,Enchantment — Aura,Douglas Shuler,common,leb,8.00,7.08,https://cards.scryfall.io/png/front/1/6/16137fa6-1b5c-49e7-ad79-dda4b7019a59.png?1559591886,"Enchant creature\nEnchanted creature gets -2/-1."
Web,1.0,{G},,,,Enchantment — Aura,Rob Alexander,rare,leb,,75.45,https://cards.scryfall.io/png/front/f/7/f7f84dc2-5a29-447d-97ab-a10afd9ee538.png?1559591494,"Enchant creature (Target a creature as you cast this. This card enters the battlefield attached to that creature.)\nEnchanted creature gets +0/+2 and has reach. (It can block creatures with flying.)"
Wheel of Fortune,3.0,{2}{R},,,,Sorcery,Daniel Gelon,rare,leb,4000.00,2734.05,https://cards.scryfall.io/png/front/9/0/9052369f-840f-438e-b86d-e2f8d6339585.png?1559591625,"Each player discards their hand, then draws seven cards."
White Knight,2.0,{W}{W},Out of the blackness and stench of the engulfing swamp emerged a shimmering figure. Only the splattered armor and ichor-stained sword hinted at the unfathomable evil the knight had just laid waste.,2,2,Creature — Human Knight,Daniel Gelon,uncommon,leb,59.99,64.82,https://cards.scryfall.io/png/front/a/2/a231e0b8-b3e3-4f4a-8baa-c56626b01685.png?1559591891,"First strike (This creature deals combat damage before creatures without first strike.)\nProtection from black (This creature can't be blocked, targeted, dealt damage, or enchanted by anything black.)"
White Ward,1.0,{W},,,,Enchantment — Aura,Dan Frazier,uncommon,leb,19.99,8.56,https://cards.scryfall.io/png/front/4/9/4988dc3e-2ed8-4de3-9d1b-838003c9c9e3.png?1559591890,"Enchant creature\nEnchanted creature has protection from white. This effect doesn't remove White Ward."
Wild Growth,1.0,{G},,,,Enchantment — Aura,Mark Poole,common,leb,35.82,16.74,https://cards.scryfall.io/png/front/6/4/64f299eb-9cd6-40bc-ad44-22e3aeb5c930.png?1559591668,"Enchant land\nWhenever enchanted land is tapped for mana, its controller adds an additional {G}."
Will-o'-the-Wisp,1.0,{B},"""About, about in reel and rout\nThe death-fires danced at night;\nThe water, like a witch's oils,
Burnt green, and blue and white.""\n—Samuel Coleridge, ""The Rime of the Ancient Mariner""",0,1,Creature — Spirit,Jesper Myrfors,rare,leb,,463.61,https://cards.scryfall.io/png/front/4/b/4b60630c-f97c-43be-8410-53a68613b735.png?1587914922,"Flying (This creature can't be blocked except by creatures with flying or reach.)\n{B}: Regenerate Will-o'-the-Wisp. (The next time this creature would be destroyed this turn, it isn't. Instead tap it, remove all damage from it, and remove it from combat.)"
Winter Orb,2.0,{2},,,,Artifact,Mark Tedin,rare,leb,,1081.64,https://cards.scryfall.io/png/front/8/4/847de6a4-a268-492e-a4d2-5b12237bc130.png?1559591888,"As long as Winter Orb is untapped, players can't untap more than one land during their untap steps."
Wooden Sphere,1.0,{1},,,,Artifact,Mark Tedin,uncommon,leb,20.36,30.75,https://cards.scryfall.io/png/front/0/2/02eee156-54bd-46fc-8804-a73aab87f0ba.png?1559591673,"Whenever a player casts a green spell, you may pay {1}. If you do, you gain 1 life."
Word of Command,2.0,{B}{B},,,,Instant,Jesper Myrfors,rare,leb,430.00,720.47,https://cards.scryfall.io/png/front/7/d/7d37b529-8a41-4177-abef-614f363e69d1.png?1559591683,"Look at target opponent's hand and choose a card from it. You control that player until Word of Command finishes resolving. The player plays that card if able. While doing so, the player can activate mana abilities only if they're from lands that player controls and only if mana they produce is spent to activate other mana abilities of lands the player controls and/or to play that card. If the chosen card is cast as a spell, you control the player while that spell is resolving."
Wrath of God,4.0,{2}{W}{W},,,,Sorcery,Quinton Hoover,rare,leb,869.00,818.25,https://cards.scryfall.io/png/front/9/6/96dd2d61-a43d-4582-b730-71d4fac0fa23.png?1559591596,Destroy all creatures. They can't be regenerated.
Zombie Master,3.0,{1}{B}{B},"They say the Zombie Master controlled these foul creatures even before his own death, but now that he is one of them, nothing can make them betray him.",2,3,Creature — Zombie,Jeff A. Menges,rare,leb,,301.94,https://cards.scryfall.io/png/front/a/1/a1bfda92-b932-46d8-b549-e2bc2b584a17.png?1559591496,"Other Zombie creatures have swampwalk. (They can't be blocked as long as defending player controls a Swamp.) \nOther Zombies have ""{B}: Regenerate this permanent."""
